-- MySQL dump 10.10
--
-- Host: localhost    Database: synopsis
-- ------------------------------------------------------
-- Server version	5.0.22-Debian_0ubuntu6.06.5-log

/*!40101 SET @OLD_CHARACTER_SET_CLIENT=@@CHARACTER_SET_CLIENT */;
/*!40101 SET @OLD_CHARACTER_SET_RESULTS=@@CHARACTER_SET_RESULTS */;
/*!40101 SET @OLD_COLLATION_CONNECTION=@@COLLATION_CONNECTION */;
/*!40101 SET NAMES utf8 */;
/*!40103 SET @OLD_TIME_ZONE=@@TIME_ZONE */;
/*!40103 SET TIME_ZONE='+00:00' */;
/*!40014 SET @OLD_UNIQUE_CHECKS=@@UNIQUE_CHECKS, UNIQUE_CHECKS=0 */;
/*!40014 SET @OLD_FOREIGN_KEY_CHECKS=@@FOREIGN_KEY_CHECKS, FOREIGN_KEY_CHECKS=0 */;
/*!40101 SET @OLD_SQL_MODE=@@SQL_MODE, SQL_MODE='NO_AUTO_VALUE_ON_ZERO' */;
/*!40111 SET @OLD_SQL_NOTES=@@SQL_NOTES, SQL_NOTES=0 */;

--
-- Table structure for table `account_profile`
--

DROP TABLE IF EXISTS `account_profile`;
CREATE TABLE `account_profile` (
  `id` int(11) NOT NULL auto_increment,
  `user_id` int(11) NOT NULL,
  `first_name` varchar(50) NOT NULL,
  `last_name` varchar(50) NOT NULL,
  `email` varchar(80) NOT NULL,
  `avatar` varchar(100) default NULL,
  `country` varchar(50) default NULL,
  PRIMARY KEY  (`id`),
  UNIQUE KEY `user_id` (`user_id`),
  UNIQUE KEY `account_profile_user_id` (`user_id`)
) ENGINE=MyISAM DEFAULT CHARSET=latin1;

--
-- Dumping data for table `account_profile`
--


/*!40000 ALTER TABLE `account_profile` DISABLE KEYS */;
LOCK TABLES `account_profile` WRITE;
INSERT INTO `account_profile` VALUES (1,2,'Hung','Luu','luu2us@gmail.com','media/avatars/hnluu_avatar.png','us'),(2,3,'Carlos','Gabaldon','cgabaldon@cox.net','media/avatars/Carlos_avatar.jpg','us'),(3,4,'Chris','Hayden','chayden@gmail.com','media/avatars/chayden_avatar.png','us'),(4,5,'Naomi','Boudin','nboudin12@gmail.com','media/avatars/avatar.png','us'),(5,6,'Rolly','Ferolino','ke7pku@gmail.com','media/avatars/avatar.png','us'),(6,7,'Matt','Bai','mbai@gmail.com','media/avatars/avatar.png','us'),(7,8,'Stuart','Samuel','ssamuel@aol.com','media/avatars/ssamuel_avatar.png','gb'),(8,9,'Josh','Mertz ','joshmertz@aol.com','media/avatars/jMertz__avatar.jpg','us'),(9,10,'Trey','Ericison','tericison@gmail.com','media/avatars/tericison_avatar.gif','au'),(10,11,'Kirk','Raymond','kr1280@gmail.com','media/avatars/kraymond_avatar.png','us'),(11,12,'Evo','Garcia ','evogarcia@aol.com','media/avatars/evodog_avatar_.gif','bo'),(12,13,'Neil','Ratter','nratter@gmail.com','media/avatars/nratter_avatar.jpg','au'),(13,14,'Jui','Tee','juitee@aol.com','media/avatars/juitee_avatar.jpg','in'),(14,15,'Sammy','Wicox','swicox@gmail.com','media/avatars/swicox_avatar.jpg','us'),(15,16,'Jinada','Pace','jpace@gmail.com','media/avatars/jinada_avatar__.gif','us'),(16,17,'Jake','Hunter','jakehunter@aol.com','media/avatars/jakehunter_avatar.gif','is'),(17,18,'Jamie','Douglas','jd345@gmail.com','media/avatars/peacegirl_avatar.gif','us'),(18,19,'Cindy','Edwards','cindyedwards@aol.com','media/avatars/cedwards_avatar.gif','us'),(19,20,'Jess','Adams','jessadams@gmail.com','media/avatars/jadams_avatar.gif','us'),(20,21,'Jason','King','jking@gmail.com','media/avatars/jking_avatar.gif','us'),(21,22,'John','kensken','johnkensken@gmail.com','media/avatars/jkensken_avatar.gif','us'),(22,23,'Ned','Terry','nt45@aol.com','media/avatars/nt_avatar.gif','us'),(23,24,'Janet','Cooper','jcopper@yahoo.com','media/avatars/jcopper_avatar.jpg','us'),(24,25,'Dustin','Wilcox','dw34@aol.com','media/avatars/dman_avatar.jpg','ca'),(25,26,'Kupta','Gupa','kupgupa55@aol.com','media/avatars/kuptaGupa_avatar.jpg','in');
UNLOCK TABLES;
/*!40000 ALTER TABLE `account_profile` ENABLE KEYS */;

--
-- Table structure for table `auth_group`
--

DROP TABLE IF EXISTS `auth_group`;
CREATE TABLE `auth_group` (
  `id` int(11) NOT NULL auto_increment,
  `name` varchar(80) NOT NULL,
  PRIMARY KEY  (`id`),
  UNIQUE KEY `name` (`name`)
) ENGINE=MyISAM DEFAULT CHARSET=latin1;

--
-- Dumping data for table `auth_group`
--


/*!40000 ALTER TABLE `auth_group` DISABLE KEYS */;
LOCK TABLES `auth_group` WRITE;
UNLOCK TABLES;
/*!40000 ALTER TABLE `auth_group` ENABLE KEYS */;

--
-- Table structure for table `auth_group_permissions`
--

DROP TABLE IF EXISTS `auth_group_permissions`;
CREATE TABLE `auth_group_permissions` (
  `id` int(11) NOT NULL auto_increment,
  `group_id` int(11) NOT NULL,
  `permission_id` int(11) NOT NULL,
  PRIMARY KEY  (`id`),
  UNIQUE KEY `group_id` (`group_id`,`permission_id`),
  KEY `permission_id_refs_id_4de83ca7792de1` (`permission_id`)
) ENGINE=MyISAM DEFAULT CHARSET=latin1;

--
-- Dumping data for table `auth_group_permissions`
--


/*!40000 ALTER TABLE `auth_group_permissions` DISABLE KEYS */;
LOCK TABLES `auth_group_permissions` WRITE;
UNLOCK TABLES;
/*!40000 ALTER TABLE `auth_group_permissions` ENABLE KEYS */;

--
-- Table structure for table `auth_message`
--

DROP TABLE IF EXISTS `auth_message`;
CREATE TABLE `auth_message` (
  `id` int(11) NOT NULL auto_increment,
  `user_id` int(11) NOT NULL,
  `message` longtext NOT NULL,
  PRIMARY KEY  (`id`),
  KEY `auth_message_user_id` (`user_id`)
) ENGINE=MyISAM DEFAULT CHARSET=latin1;

--
-- Dumping data for table `auth_message`
--


/*!40000 ALTER TABLE `auth_message` DISABLE KEYS */;
LOCK TABLES `auth_message` WRITE;
UNLOCK TABLES;
/*!40000 ALTER TABLE `auth_message` ENABLE KEYS */;

--
-- Table structure for table `auth_permission`
--

DROP TABLE IF EXISTS `auth_permission`;
CREATE TABLE `auth_permission` (
  `id` int(11) NOT NULL auto_increment,
  `name` varchar(50) NOT NULL,
  `content_type_id` int(11) NOT NULL,
  `codename` varchar(100) NOT NULL,
  PRIMARY KEY  (`id`),
  UNIQUE KEY `content_type_id` (`content_type_id`,`codename`),
  KEY `auth_permission_content_type_id` (`content_type_id`)
) ENGINE=MyISAM DEFAULT CHARSET=latin1;

--
-- Dumping data for table `auth_permission`
--


/*!40000 ALTER TABLE `auth_permission` DISABLE KEYS */;
LOCK TABLES `auth_permission` WRITE;
INSERT INTO `auth_permission` VALUES (1,'Can add message',1,'add_message'),(2,'Can change message',1,'change_message'),(3,'Can delete message',1,'delete_message'),(4,'Can add group',2,'add_group'),(5,'Can change group',2,'change_group'),(6,'Can delete group',2,'delete_group'),(7,'Can add user',3,'add_user'),(8,'Can change user',3,'change_user'),(9,'Can delete user',3,'delete_user'),(10,'Can add permission',4,'add_permission'),(11,'Can change permission',4,'change_permission'),(12,'Can delete permission',4,'delete_permission'),(13,'Can add content type',5,'add_contenttype'),(14,'Can change content type',5,'change_contenttype'),(15,'Can delete content type',5,'delete_contenttype'),(16,'Can add session',6,'add_session'),(17,'Can change session',6,'change_session'),(18,'Can delete session',6,'delete_session'),(19,'Can add site',7,'add_site'),(20,'Can change site',7,'change_site'),(21,'Can delete site',7,'delete_site'),(22,'Can add comment',8,'add_comment'),(23,'Can change comment',8,'change_comment'),(24,'Can delete comment',8,'delete_comment'),(25,'Can add synopsis',9,'add_synopsis'),(26,'Can change synopsis',9,'change_synopsis'),(27,'Can delete synopsis',9,'delete_synopsis'),(28,'Can add tag',10,'add_tag'),(29,'Can change tag',10,'change_tag'),(30,'Can delete tag',10,'delete_tag'),(31,'Can add election',11,'add_election'),(32,'Can change election',11,'change_election'),(33,'Can delete election',11,'delete_election'),(34,'Can add profile',12,'add_profile'),(35,'Can change profile',12,'change_profile'),(36,'Can delete profile',12,'delete_profile');
UNLOCK TABLES;
/*!40000 ALTER TABLE `auth_permission` ENABLE KEYS */;

--
-- Table structure for table `auth_user`
--

DROP TABLE IF EXISTS `auth_user`;
CREATE TABLE `auth_user` (
  `id` int(11) NOT NULL auto_increment,
  `username` varchar(30) NOT NULL,
  `first_name` varchar(30) NOT NULL,
  `last_name` varchar(30) NOT NULL,
  `email` varchar(75) NOT NULL,
  `password` varchar(128) NOT NULL,
  `is_staff` tinyint(1) NOT NULL,
  `is_active` tinyint(1) NOT NULL,
  `is_superuser` tinyint(1) NOT NULL,
  `last_login` datetime NOT NULL,
  `date_joined` datetime NOT NULL,
  PRIMARY KEY  (`id`),
  UNIQUE KEY `username` (`username`)
) ENGINE=MyISAM DEFAULT CHARSET=latin1;

--
-- Dumping data for table `auth_user`
--


/*!40000 ALTER TABLE `auth_user` DISABLE KEYS */;
LOCK TABLES `auth_user` WRITE;
INSERT INTO `auth_user` VALUES (1,'admin','','','gabaluu@gmail.com','sha1$7703c$ec4c3ab26c36c561d6881f245726a64fbf81643f',1,1,1,'2007-11-20 22:57:04','2007-11-20 22:56:05'),(2,'hnluu','','','','sha1$88238$66ae59d09ff3d7c64c53cede6f6f3946f74ca0a1',0,1,0,'2008-05-15 16:17:12','2007-11-20 22:57:50'),(3,'Carlos','','','','sha1$7dc06$5c32cd4b9c65fc0ff5d96ee18da89616fabf4dc9',0,1,0,'2008-04-24 12:53:10','2007-11-21 06:43:38'),(4,'chayden','','','','sha1$0a46c$454fa4ded32e5b6653b4cf8eb75119300714bcb9',0,1,0,'2008-04-24 13:05:29','2007-12-01 16:02:03'),(5,'nboudin','','','','sha1$cf86c$e79b087f69e85c1d616e43aaa32a84a0b6974083',0,1,0,'2008-04-24 12:34:25','2007-12-09 15:56:03'),(6,'rollyF','','','','sha1$1e85f$fe3e8c08e387027daf3b18b53984bb47cf2883f9',0,1,0,'2007-12-11 16:33:08','2007-12-11 16:33:08'),(7,'mbai','','','','sha1$72d34$dabe66f76dda67f7dc3d87df2feaa3b59146d6da',0,1,0,'2008-04-24 12:34:57','2007-12-13 20:26:46'),(8,'ssamuel','','','','sha1$e10b5$753938ceab4fa9b814cb283142c19bc1e7c56f0c',0,1,0,'2008-04-24 12:35:43','2007-12-13 20:28:15'),(9,'jMertz ','','','','sha1$dcf5a$f77ede82b8049a4cab71d02161242d2e3f13f809',0,1,0,'2008-04-24 12:36:44','2007-12-19 21:09:30'),(10,'tericison','','','','sha1$41102$2b3daeb3356497cd2113056d5df02872131cf670',0,1,0,'2008-04-24 12:37:17','2007-12-22 23:52:44'),(11,'kraymond','','','','sha1$08e3c$7ae147b2911d64810868ec4e6a3bbf2e2d987ea2',0,1,0,'2008-04-24 12:37:43','2007-12-27 12:14:43'),(12,'evodog','','','','sha1$640fd$d875bc7aea9fb588549f59a65df7fa3e95fcaecf',0,1,0,'2008-04-24 12:38:17','2008-01-01 14:06:01'),(13,'nratter','','','','sha1$59e58$c9cdc8fe91af4c05d1ab9848ba4baead6739eda9',0,1,0,'2008-04-24 12:38:41','2008-01-14 08:28:33'),(14,'juitee','','','','sha1$13617$0158899034aed59b33f93727d39f12b73b6d8f0a',0,1,0,'2008-04-24 12:39:10','2008-01-21 17:20:51'),(15,'swicox','','','','sha1$3cc28$d1bab26c39f54280d4530b8f3ee44e063639e7d0',0,1,0,'2008-04-24 12:39:40','2008-01-21 17:30:57'),(16,'jinada','','','','sha1$d4c20$be6b1c219da937a1abf0de309deb0af3792991db',0,1,0,'2008-04-24 12:40:19','2008-01-31 22:50:46'),(17,'jakehunter','','','','sha1$6f2eb$f77a4544ab526bd2ccc08fc61953a1e9029bfd02',0,1,0,'2008-04-24 12:40:44','2008-01-31 22:56:18'),(18,'peacegirl','','','','sha1$e4d6d$c62b3bd7a2221e98e31b9ac11c1c11d0c1018bd8',0,1,0,'2008-04-24 13:05:40','2008-01-31 22:59:48'),(19,'cedwards','','','','sha1$f5c70$5e6adb732f2f11c6f203f4c287f4e80b6ac6bc73',0,1,0,'2008-04-24 12:48:52','2008-02-25 01:20:17'),(20,'jadams','','','','sha1$7e947$8eb08d53c8bca9d46dc160026f904d28bebf81c5',0,1,0,'2008-04-24 12:49:26','2008-04-05 21:22:31'),(21,'jking','','','','sha1$32c0f$7a2137691775e47ac9035569a6ac69f80c0168e8',0,1,0,'2008-04-24 13:06:03','2008-04-05 21:26:29'),(22,'jkensken','','','','sha1$c0b86$adf78f209ba173afb4a71cc876be012183c2d5fa',0,1,0,'2008-04-24 12:54:32','2008-04-05 21:35:59'),(23,'nt','','','','sha1$16998$41ef2061916c15afe3bdcfa6a12ed6914d7d10d5',0,1,0,'2008-04-24 12:55:12','2008-04-05 21:38:37'),(24,'jcopper','','','','sha1$71155$317cd759af903ffc3b612913df18357bbc6440a6',0,1,0,'2008-04-24 12:53:56','2008-04-24 09:16:37'),(25,'dman','','','','sha1$74612$84baff7698f9e0ae24e92979563ec8b1824d642e',0,1,0,'2008-04-24 09:18:44','2008-04-24 09:18:44'),(26,'kuptaGupa','','','','sha1$e0cdd$cb66af34dc6b09705ac59d07e444e7616d2105ca',0,1,0,'2008-04-24 12:58:14','2008-04-24 12:58:14');
UNLOCK TABLES;
/*!40000 ALTER TABLE `auth_user` ENABLE KEYS */;

--
-- Table structure for table `auth_user_groups`
--

DROP TABLE IF EXISTS `auth_user_groups`;
CREATE TABLE `auth_user_groups` (
  `id` int(11) NOT NULL auto_increment,
  `user_id` int(11) NOT NULL,
  `group_id` int(11) NOT NULL,
  PRIMARY KEY  (`id`),
  UNIQUE KEY `user_id` (`user_id`,`group_id`),
  KEY `group_id_refs_id_321a8efef0ee9890` (`group_id`)
) ENGINE=MyISAM DEFAULT CHARSET=latin1;

--
-- Dumping data for table `auth_user_groups`
--


/*!40000 ALTER TABLE `auth_user_groups` DISABLE KEYS */;
LOCK TABLES `auth_user_groups` WRITE;
UNLOCK TABLES;
/*!40000 ALTER TABLE `auth_user_groups` ENABLE KEYS */;

--
-- Table structure for table `auth_user_user_permissions`
--

DROP TABLE IF EXISTS `auth_user_user_permissions`;
CREATE TABLE `auth_user_user_permissions` (
  `id` int(11) NOT NULL auto_increment,
  `user_id` int(11) NOT NULL,
  `permission_id` int(11) NOT NULL,
  PRIMARY KEY  (`id`),
  UNIQUE KEY `user_id` (`user_id`,`permission_id`),
  KEY `permission_id_refs_id_6d7fb3c2067e79cb` (`permission_id`)
) ENGINE=MyISAM DEFAULT CHARSET=latin1;

--
-- Dumping data for table `auth_user_user_permissions`
--


/*!40000 ALTER TABLE `auth_user_user_permissions` DISABLE KEYS */;
LOCK TABLES `auth_user_user_permissions` WRITE;
UNLOCK TABLES;
/*!40000 ALTER TABLE `auth_user_user_permissions` ENABLE KEYS */;

--
-- Table structure for table `django_content_type`
--

DROP TABLE IF EXISTS `django_content_type`;
CREATE TABLE `django_content_type` (
  `id` int(11) NOT NULL auto_increment,
  `name` varchar(100) NOT NULL,
  `app_label` varchar(100) NOT NULL,
  `model` varchar(100) NOT NULL,
  PRIMARY KEY  (`id`),
  UNIQUE KEY `app_label` (`app_label`,`model`)
) ENGINE=MyISAM DEFAULT CHARSET=latin1;

--
-- Dumping data for table `django_content_type`
--


/*!40000 ALTER TABLE `django_content_type` DISABLE KEYS */;
LOCK TABLES `django_content_type` WRITE;
INSERT INTO `django_content_type` VALUES (1,'message','auth','message'),(2,'group','auth','group'),(3,'user','auth','user'),(4,'permission','auth','permission'),(5,'content type','contenttypes','contenttype'),(6,'session','sessions','session'),(7,'site','sites','site'),(8,'comment','synopsis','comment'),(9,'synopsis','synopsis','synopsis'),(10,'tag','synopsis','tag'),(11,'election','synopsis','election'),(12,'profile','account','profile');
UNLOCK TABLES;
/*!40000 ALTER TABLE `django_content_type` ENABLE KEYS */;

--
-- Table structure for table `django_session`
--

DROP TABLE IF EXISTS `django_session`;
CREATE TABLE `django_session` (
  `session_key` varchar(40) NOT NULL,
  `session_data` longtext NOT NULL,
  `expire_date` datetime NOT NULL,
  PRIMARY KEY  (`session_key`)
) ENGINE=MyISAM DEFAULT CHARSET=latin1;

--
-- Dumping data for table `django_session`
--


/*!40000 ALTER TABLE `django_session` DISABLE KEYS */;
LOCK TABLES `django_session` WRITE;
INSERT INTO `django_session` VALUES ('893c1bc8a91bbc45a66621b6854e7838','gAJ9cQEuNDlkNmUyZmYyOTRiMjAzYWU0MGJkNmZiOGRjMWEyODU=\n','2007-12-04 22:56:48'),('dc04494d1b2efc920d9a5dea5aed3be6','gAJ9cQEoVRJfYXV0aF91c2VyX2JhY2tlbmRxAlUpZGphbmdvLmNvbnRyaWIuYXV0aC5iYWNrZW5k\ncy5Nb2RlbEJhY2tlbmRxA1UNX2F1dGhfdXNlcl9pZHEEigECdS44MjlhMjRmMmE4ZjEwZTdlYThi\nYjJkMTA4Yzc1Y2YyZg==\n','2007-12-04 23:20:51'),('dbd9a237a7c1d05ba1638318a8f7d9b8','gAJ9cQEuNDlkNmUyZmYyOTRiMjAzYWU0MGJkNmZiOGRjMWEyODU=\n','2007-12-05 09:14:02'),('04ad8aeb329fc076b9243e77626c1ffe','gAJ9cQEuNDlkNmUyZmYyOTRiMjAzYWU0MGJkNmZiOGRjMWEyODU=\n','2007-12-05 06:41:18'),('ba69b72c2743340bd64670463f4d51d7','gAJ9cQEuNDlkNmUyZmYyOTRiMjAzYWU0MGJkNmZiOGRjMWEyODU=\n','2007-12-05 06:41:24'),('8f983766ffbaee5e9e570f57d2f4fb4e','gAJ9cQEuNDlkNmUyZmYyOTRiMjAzYWU0MGJkNmZiOGRjMWEyODU=\n','2007-12-05 06:41:39'),('06cc7ac03813e3d91eb3435ec1c77205','gAJ9cQEuNDlkNmUyZmYyOTRiMjAzYWU0MGJkNmZiOGRjMWEyODU=\n','2007-12-05 06:41:43'),('8fe5058479a46f041fba266341e22fd3','gAJ9cQEuNDlkNmUyZmYyOTRiMjAzYWU0MGJkNmZiOGRjMWEyODU=\n','2007-12-05 06:43:14'),('4c31b9be082f977c75cc5371b5fe38ef','gAJ9cQEuNDlkNmUyZmYyOTRiMjAzYWU0MGJkNmZiOGRjMWEyODU=\n','2007-12-05 06:56:11'),('4eaf874500d94a3a9bbc0a63e74dcb74','gAJ9cQFVCnRlc3Rjb29raWVxAlUGd29ya2VkcQNzLjJkZmQ2YmFhMzhlYzc1MGY0ZmZiNDdjMmZi\nNDY0NTVm\n','2007-12-05 09:18:13'),('24ee6962879b19c6341f2b546928f300','gAJ9cQEoVRJfYXV0aF91c2VyX2JhY2tlbmRxAlUpZGphbmdvLmNvbnRyaWIuYXV0aC5iYWNrZW5k\ncy5Nb2RlbEJhY2tlbmRxA1UNX2F1dGhfdXNlcl9pZHEEigEDdS44ZDEzN2QyNjgxMGM5MzFkYWVk\nOTMwNGZkZDkxMTk1ZQ==\n','2007-12-05 09:36:55'),('28737bfe2bf953c3acf793a89421da5b','gAJ9cQFVCnRlc3Rjb29raWVxAlUGd29ya2VkcQNzLjJkZmQ2YmFhMzhlYzc1MGY0ZmZiNDdjMmZi\nNDY0NTVm\n','2007-12-05 09:52:35'),('30236aebed6f924c14fefb3b66ce0df2','gAJ9cQFVCnRlc3Rjb29raWVxAlUGd29ya2VkcQNzLjJkZmQ2YmFhMzhlYzc1MGY0ZmZiNDdjMmZi\nNDY0NTVm\n','2007-12-05 19:55:43'),('1fbbf582212830986132aed84bb6290b','gAJ9cQEoVRJfYXV0aF91c2VyX2JhY2tlbmRxAlUpZGphbmdvLmNvbnRyaWIuYXV0aC5iYWNrZW5k\ncy5Nb2RlbEJhY2tlbmRxA1UNX2F1dGhfdXNlcl9pZHEEigEDdS44ZDEzN2QyNjgxMGM5MzFkYWVk\nOTMwNGZkZDkxMTk1ZQ==\n','2007-12-06 08:55:59'),('b89d1f1aa02fb95c8693fa508eb1710e','gAJ9cQFVCnRlc3Rjb29raWVxAlUGd29ya2VkcQNzLjJkZmQ2YmFhMzhlYzc1MGY0ZmZiNDdjMmZi\nNDY0NTVm\n','2007-12-11 08:41:39'),('ca8aa48b547757b745aee21fe653fc15','gAJ9cQFVCnRlc3Rjb29raWVxAlUGd29ya2VkcQNzLjJkZmQ2YmFhMzhlYzc1MGY0ZmZiNDdjMmZi\nNDY0NTVm\n','2007-12-11 08:41:39'),('994d98a735fb6dec13502d190d2fe6e7','gAJ9cQEoVRJfYXV0aF91c2VyX2JhY2tlbmRxAlUpZGphbmdvLmNvbnRyaWIuYXV0aC5iYWNrZW5k\ncy5Nb2RlbEJhY2tlbmRxA1UNX2F1dGhfdXNlcl9pZHEEigEDdS44ZDEzN2QyNjgxMGM5MzFkYWVk\nOTMwNGZkZDkxMTk1ZQ==\n','2007-12-23 16:05:11'),('7e2b6486c6b7c40289650cd8115d180f','gAJ9cQFVCnRlc3Rjb29raWVxAlUGd29ya2VkcQNzLjJkZmQ2YmFhMzhlYzc1MGY0ZmZiNDdjMmZi\nNDY0NTVm\n','2007-12-12 09:53:23'),('702858ec360c911622e19c16d6057995','gAJ9cQEuNDlkNmUyZmYyOTRiMjAzYWU0MGJkNmZiOGRjMWEyODU=\n','2007-12-12 10:47:19'),('2fcb70a07edce8094e293c6ca4b7b0bc','gAJ9cQFVCnRlc3Rjb29raWVxAlUGd29ya2VkcQNzLjJkZmQ2YmFhMzhlYzc1MGY0ZmZiNDdjMmZi\nNDY0NTVm\n','2007-12-17 01:27:05'),('1104834150cfe1b29ca0dbc9b1fd3686','gAJ9cQFVCnRlc3Rjb29raWVxAlUGd29ya2VkcQNzLjJkZmQ2YmFhMzhlYzc1MGY0ZmZiNDdjMmZi\nNDY0NTVm\n','2007-12-12 09:53:32'),('ea66b7e0ec048195e16ec8158c0d5883','gAJ9cQFVCnRlc3Rjb29raWVxAlUGd29ya2VkcQNzLjJkZmQ2YmFhMzhlYzc1MGY0ZmZiNDdjMmZi\nNDY0NTVm\n','2007-12-12 09:53:36'),('028bcec50b91f367f330db815f0a63e7','gAJ9cQFVCnRlc3Rjb29raWVxAlUGd29ya2VkcQNzLjJkZmQ2YmFhMzhlYzc1MGY0ZmZiNDdjMmZi\nNDY0NTVm\n','2007-12-17 09:34:38'),('9295812b97ee99055d9fecb554330589','gAJ9cQEuNDlkNmUyZmYyOTRiMjAzYWU0MGJkNmZiOGRjMWEyODU=\n','2007-12-18 10:04:51'),('4d777a5987b036adc350480c1b981495','gAJ9cQFVCnRlc3Rjb29raWVxAlUGd29ya2VkcQNzLjJkZmQ2YmFhMzhlYzc1MGY0ZmZiNDdjMmZi\nNDY0NTVm\n','2007-12-18 19:05:54'),('e6392122b22f1d54aced3ac13164a9be','gAJ9cQFVCnRlc3Rjb29raWVxAlUGd29ya2VkcQNzLjJkZmQ2YmFhMzhlYzc1MGY0ZmZiNDdjMmZi\nNDY0NTVm\n','2007-12-17 09:34:49'),('4c185019f03c4045eb59d79b6d49a02e','gAJ9cQEoVRJfYXV0aF91c2VyX2JhY2tlbmRxAlUpZGphbmdvLmNvbnRyaWIuYXV0aC5iYWNrZW5k\ncy5Nb2RlbEJhY2tlbmRxA1UNX2F1dGhfdXNlcl9pZHEEigEDdS44ZDEzN2QyNjgxMGM5MzFkYWVk\nOTMwNGZkZDkxMTk1ZQ==\n','2007-12-17 10:15:40'),('0790372c7965b5d43dd62d9926d0d8cd','gAJ9cQEoVRJfYXV0aF91c2VyX2JhY2tlbmRxAlUpZGphbmdvLmNvbnRyaWIuYXV0aC5iYWNrZW5k\ncy5Nb2RlbEJhY2tlbmRxA1UNX2F1dGhfdXNlcl9pZHEEigEDdS44ZDEzN2QyNjgxMGM5MzFkYWVk\nOTMwNGZkZDkxMTk1ZQ==\n','2007-12-17 10:16:23'),('d1c767aeb7fe4e359d786dfcf255e53e','gAJ9cQEuNDlkNmUyZmYyOTRiMjAzYWU0MGJkNmZiOGRjMWEyODU=\n','2007-12-17 15:49:57'),('49e0c48de7bdad8c3aa4694efba83852','gAJ9cQFVCnRlc3Rjb29raWVxAlUGd29ya2VkcQNzLjJkZmQ2YmFhMzhlYzc1MGY0ZmZiNDdjMmZi\nNDY0NTVm\n','2007-12-17 15:31:53'),('bb616e6c0ac94cc759c88097b1c6dd9f','gAJ9cQFVCnRlc3Rjb29raWVxAlUGd29ya2VkcQNzLjJkZmQ2YmFhMzhlYzc1MGY0ZmZiNDdjMmZi\nNDY0NTVm\n','2007-12-18 07:43:14'),('bd6ad2064f9a983c9b38cc1b6e095e45','gAJ9cQEoVRJfYXV0aF91c2VyX2JhY2tlbmRxAlUpZGphbmdvLmNvbnRyaWIuYXV0aC5iYWNrZW5k\ncy5Nb2RlbEJhY2tlbmRxA1UNX2F1dGhfdXNlcl9pZHEEigECdS44MjlhMjRmMmE4ZjEwZTdlYThi\nYjJkMTA4Yzc1Y2YyZg==\n','2007-12-18 07:44:54'),('3717a780dd5cede5b7de1eeedd3755c1','gAJ9cQFVCnRlc3Rjb29raWVxAlUGd29ya2VkcQNzLjJkZmQ2YmFhMzhlYzc1MGY0ZmZiNDdjMmZi\nNDY0NTVm\n','2007-12-18 09:52:54'),('d33555e3f80b78179f92dae74651aa51','gAJ9cQEoVRJfYXV0aF91c2VyX2JhY2tlbmRxAlUpZGphbmdvLmNvbnRyaWIuYXV0aC5iYWNrZW5k\ncy5Nb2RlbEJhY2tlbmRxA1UNX2F1dGhfdXNlcl9pZHEEigEDdS44ZDEzN2QyNjgxMGM5MzFkYWVk\nOTMwNGZkZDkxMTk1ZQ==\n','2007-12-21 16:10:35'),('aec23383e114979ba730be951c471530','gAJ9cQFVCnRlc3Rjb29raWVxAlUGd29ya2VkcQNzLjJkZmQ2YmFhMzhlYzc1MGY0ZmZiNDdjMmZi\nNDY0NTVm\n','2007-12-22 03:27:37'),('120c45e8e0e0f3f83d8563a623e46069','gAJ9cQEoVRJfYXV0aF91c2VyX2JhY2tlbmRxAlUpZGphbmdvLmNvbnRyaWIuYXV0aC5iYWNrZW5k\ncy5Nb2RlbEJhY2tlbmRxA1UNX2F1dGhfdXNlcl9pZHEEigEGdS5kZDc0ZmRiMmQyZjljOGFmYjU1\nMWVjZmNmNjE2NWVmZg==\n','2007-12-25 16:33:08'),('acdb4a573834425deb044365d1098d14','gAJ9cQFVCnRlc3Rjb29raWVxAlUGd29ya2VkcQNzLjJkZmQ2YmFhMzhlYzc1MGY0ZmZiNDdjMmZi\nNDY0NTVm\n','2007-12-25 16:33:09'),('91d2b1388d7516550e953f24fb4e6fd2','gAJ9cQFVCnRlc3Rjb29raWVxAlUGd29ya2VkcQNzLjJkZmQ2YmFhMzhlYzc1MGY0ZmZiNDdjMmZi\nNDY0NTVm\n','2007-12-25 16:33:33'),('46a148526d94e81c66dc1ecc5e0790da','gAJ9cQEuNDlkNmUyZmYyOTRiMjAzYWU0MGJkNmZiOGRjMWEyODU=\n','2008-01-05 23:56:27'),('e0c3cae6e877c36934d3572c3a3be85d','gAJ9cQFVCnRlc3Rjb29raWVxAlUGd29ya2VkcQNzLjJkZmQ2YmFhMzhlYzc1MGY0ZmZiNDdjMmZi\nNDY0NTVm\n','2007-12-26 07:09:19'),('d99187561f23fae8a583bb6493fb968c','gAJ9cQFVCnRlc3Rjb29raWVxAlUGd29ya2VkcQNzLjJkZmQ2YmFhMzhlYzc1MGY0ZmZiNDdjMmZi\nNDY0NTVm\n','2007-12-27 15:09:25'),('b705b9a26df0039078a7f26ef7bcda43','gAJ9cQFVCnRlc3Rjb29raWVxAlUGd29ya2VkcQNzLjJkZmQ2YmFhMzhlYzc1MGY0ZmZiNDdjMmZi\nNDY0NTVm\n','2007-12-27 15:09:46'),('be71c7a7ef8fba8cc70fe2c09cbd66cb','gAJ9cQFVCnRlc3Rjb29raWVxAlUGd29ya2VkcQNzLjJkZmQ2YmFhMzhlYzc1MGY0ZmZiNDdjMmZi\nNDY0NTVm\n','2007-12-28 00:58:05'),('8bf8b23ccbab0fc1f36265342abb8bf6','gAJ9cQFVCnRlc3Rjb29raWVxAlUGd29ya2VkcQNzLjJkZmQ2YmFhMzhlYzc1MGY0ZmZiNDdjMmZi\nNDY0NTVm\n','2007-12-28 01:42:56'),('d0b37af9f4e5cc4401d48b32340e57b1','gAJ9cQEuNDlkNmUyZmYyOTRiMjAzYWU0MGJkNmZiOGRjMWEyODU=\n','2007-12-28 13:42:01'),('1c2b93e7ee81d8a8c870c64d876a9eec','gAJ9cQFVCnRlc3Rjb29raWVxAlUGd29ya2VkcQNzLjJkZmQ2YmFhMzhlYzc1MGY0ZmZiNDdjMmZi\nNDY0NTVm\n','2007-12-28 18:55:40'),('a2d9b655a71e9c544775f3d7c0da399a','gAJ9cQEuNDlkNmUyZmYyOTRiMjAzYWU0MGJkNmZiOGRjMWEyODU=\n','2007-12-30 16:32:03'),('2a0608dacc0231e1ea14d97cb69f2598','gAJ9cQFVCnRlc3Rjb29raWVxAlUGd29ya2VkcQNzLjJkZmQ2YmFhMzhlYzc1MGY0ZmZiNDdjMmZi\nNDY0NTVm\n','2007-12-30 12:45:48'),('0a4e1988267d71238a074d50b556d04e','gAJ9cQFVCnRlc3Rjb29raWVxAlUGd29ya2VkcQNzLjJkZmQ2YmFhMzhlYzc1MGY0ZmZiNDdjMmZi\nNDY0NTVm\n','2008-01-01 08:27:43'),('43a762a0c09806aef1cd791612c667f7','gAJ9cQEuNDlkNmUyZmYyOTRiMjAzYWU0MGJkNmZiOGRjMWEyODU=\n','2008-01-01 09:11:31'),('e73e46df5044733287392109dd937d3b','gAJ9cQEoVRJfYXV0aF91c2VyX2JhY2tlbmRxAlUpZGphbmdvLmNvbnRyaWIuYXV0aC5iYWNrZW5k\ncy5Nb2RlbEJhY2tlbmRxA1UNX2F1dGhfdXNlcl9pZHEEigEDdS44ZDEzN2QyNjgxMGM5MzFkYWVk\nOTMwNGZkZDkxMTk1ZQ==\n','2008-01-01 09:12:23'),('adcc04c62ed5d2568f30a49c61b68d2b','gAJ9cQFVCnRlc3Rjb29raWVxAlUGd29ya2VkcQNzLjJkZmQ2YmFhMzhlYzc1MGY0ZmZiNDdjMmZi\nNDY0NTVm\n','2008-01-01 08:27:55'),('f427a23879ae582d82efb36188717913','gAJ9cQFVCnRlc3Rjb29raWVxAlUGd29ya2VkcQNzLjJkZmQ2YmFhMzhlYzc1MGY0ZmZiNDdjMmZi\nNDY0NTVm\n','2008-01-01 08:27:59'),('14a99a1b2940c57443c889e7cd6065b9','gAJ9cQFVCnRlc3Rjb29raWVxAlUGd29ya2VkcQNzLjJkZmQ2YmFhMzhlYzc1MGY0ZmZiNDdjMmZi\nNDY0NTVm\n','2008-01-02 11:43:25'),('fbe9cc7cb1e8789897b3cd2e2b2bf91c','gAJ9cQEuNDlkNmUyZmYyOTRiMjAzYWU0MGJkNmZiOGRjMWEyODU=\n','2008-01-02 12:35:26'),('c7e75a6a270f1beffff465845ddde625','gAJ9cQFVCnRlc3Rjb29raWVxAlUGd29ya2VkcQNzLjJkZmQ2YmFhMzhlYzc1MGY0ZmZiNDdjMmZi\nNDY0NTVm\n','2008-01-04 04:27:10'),('f6c34be5db5a6de25296522e360c02aa','gAJ9cQFVCnRlc3Rjb29raWVxAlUGd29ya2VkcQNzLjJkZmQ2YmFhMzhlYzc1MGY0ZmZiNDdjMmZi\nNDY0NTVm\n','2008-01-02 11:43:35'),('4b78f3b999450320473550ebe58975c5','gAJ9cQFVCnRlc3Rjb29raWVxAlUGd29ya2VkcQNzLjJkZmQ2YmFhMzhlYzc1MGY0ZmZiNDdjMmZi\nNDY0NTVm\n','2008-01-02 11:43:37'),('f8b308a7ef24658bfc7461c5a5c1b362','gAJ9cQEuNDlkNmUyZmYyOTRiMjAzYWU0MGJkNmZiOGRjMWEyODU=\n','2008-01-15 22:30:40'),('fd1d15171781c885989afd9bac25db6b','gAJ9cQEuNDlkNmUyZmYyOTRiMjAzYWU0MGJkNmZiOGRjMWEyODU=\n','2008-01-02 16:56:28'),('d4a8895d652f5489a9f0087fe875cff3','gAJ9cQFVCnRlc3Rjb29raWVxAlUGd29ya2VkcQNzLjJkZmQ2YmFhMzhlYzc1MGY0ZmZiNDdjMmZi\nNDY0NTVm\n','2008-01-03 13:45:32'),('b086f81b541fd119a8e35afcc7182aa1','gAJ9cQFVCnRlc3Rjb29raWVxAlUGd29ya2VkcQNzLjJkZmQ2YmFhMzhlYzc1MGY0ZmZiNDdjMmZi\nNDY0NTVm\n','2008-01-04 06:30:20'),('73f6768efdb91ac718e614e8b5e0a466','gAJ9cQFVCnRlc3Rjb29raWVxAlUGd29ya2VkcQNzLjJkZmQ2YmFhMzhlYzc1MGY0ZmZiNDdjMmZi\nNDY0NTVm\n','2008-01-04 11:03:41'),('85694b66211ac3d53e1b263cd708a1c2','gAJ9cQEuNDlkNmUyZmYyOTRiMjAzYWU0MGJkNmZiOGRjMWEyODU=\n','2008-01-04 12:00:15'),('369afcf5f33908079f28f7b50cded77b','gAJ9cQEoVRJfYXV0aF91c2VyX2JhY2tlbmRxAlUpZGphbmdvLmNvbnRyaWIuYXV0aC5iYWNrZW5k\ncy5Nb2RlbEJhY2tlbmRxA1UNX2F1dGhfdXNlcl9pZHEEigECdS44MjlhMjRmMmE4ZjEwZTdlYThi\nYjJkMTA4Yzc1Y2YyZg==\n','2008-01-10 11:27:51'),('83691bbd53337ac329404a592d6c7ea2','gAJ9cQFVCnRlc3Rjb29raWVxAlUGd29ya2VkcQNzLjJkZmQ2YmFhMzhlYzc1MGY0ZmZiNDdjMmZi\nNDY0NTVm\n','2008-01-04 11:03:53'),('a2ea822b55ac451a54985742071bda9e','gAJ9cQFVCnRlc3Rjb29raWVxAlUGd29ya2VkcQNzLjJkZmQ2YmFhMzhlYzc1MGY0ZmZiNDdjMmZi\nNDY0NTVm\n','2008-01-04 11:03:57'),('a99a9eead39de1711160bec21fb2322b','gAJ9cQFVCnRlc3Rjb29raWVxAlUGd29ya2VkcQNzLjJkZmQ2YmFhMzhlYzc1MGY0ZmZiNDdjMmZi\nNDY0NTVm\n','2008-01-07 19:22:29'),('955a162ab4b75f838070dfc1e86df4d6','gAJ9cQEuNDlkNmUyZmYyOTRiMjAzYWU0MGJkNmZiOGRjMWEyODU=\n','2008-02-03 07:33:15'),('e6010778c24eab263d29e7123e3c1e88','gAJ9cQEoVRJfYXV0aF91c2VyX2JhY2tlbmRxAlUpZGphbmdvLmNvbnRyaWIuYXV0aC5iYWNrZW5k\ncy5Nb2RlbEJhY2tlbmRxA1UNX2F1dGhfdXNlcl9pZHEEigECdS44MjlhMjRmMmE4ZjEwZTdlYThi\nYjJkMTA4Yzc1Y2YyZg==\n','2008-01-10 19:54:19'),('12e9b9e16970fb6d34555ab1561aee5e','gAJ9cQEoVRJfYXV0aF91c2VyX2JhY2tlbmRxAlUpZGphbmdvLmNvbnRyaWIuYXV0aC5iYWNrZW5k\ncy5Nb2RlbEJhY2tlbmRxA1UNX2F1dGhfdXNlcl9pZHEEigECdS44MjlhMjRmMmE4ZjEwZTdlYThi\nYjJkMTA4Yzc1Y2YyZg==\n','2008-01-11 10:33:47'),('0de470f5bff95606c0c1c4aa51addc06','gAJ9cQFVCnRlc3Rjb29raWVxAlUGd29ya2VkcQNzLjJkZmQ2YmFhMzhlYzc1MGY0ZmZiNDdjMmZi\nNDY0NTVm\n','2008-01-14 20:27:38'),('8e95dbddb010a0aee80e1d903281f8dd','gAJ9cQEuNDlkNmUyZmYyOTRiMjAzYWU0MGJkNmZiOGRjMWEyODU=\n','2008-01-17 21:52:08'),('87a3c2d3de51d0b3b59bb3ad4b382407','gAJ9cQEoVRJfYXV0aF91c2VyX2JhY2tlbmRxAlUpZGphbmdvLmNvbnRyaWIuYXV0aC5iYWNrZW5k\ncy5Nb2RlbEJhY2tlbmRxA1UNX2F1dGhfdXNlcl9pZHEEigEDdS44ZDEzN2QyNjgxMGM5MzFkYWVk\nOTMwNGZkZDkxMTk1ZQ==\n','2008-01-18 09:59:52'),('4dd4385bb1eea2cfee736171520ee513','gAJ9cQFVCnRlc3Rjb29raWVxAlUGd29ya2VkcQNzLjJkZmQ2YmFhMzhlYzc1MGY0ZmZiNDdjMmZi\nNDY0NTVm\n','2008-01-17 04:40:04'),('900adc3f19085f4f302a8b4d7a95b61c','gAJ9cQEoVRJfYXV0aF91c2VyX2JhY2tlbmRxAlUpZGphbmdvLmNvbnRyaWIuYXV0aC5iYWNrZW5k\ncy5Nb2RlbEJhY2tlbmRxA1UNX2F1dGhfdXNlcl9pZHEEigECdS44MjlhMjRmMmE4ZjEwZTdlYThi\nYjJkMTA4Yzc1Y2YyZg==\n','2008-01-17 12:25:17'),('fc3295b67524ac99af98b3fa329a44d3','gAJ9cQEoVRJfYXV0aF91c2VyX2JhY2tlbmRxAlUpZGphbmdvLmNvbnRyaWIuYXV0aC5iYWNrZW5k\ncy5Nb2RlbEJhY2tlbmRxA1UNX2F1dGhfdXNlcl9pZHEEigECdS44MjlhMjRmMmE4ZjEwZTdlYThi\nYjJkMTA4Yzc1Y2YyZg==\n','2008-01-18 08:52:10'),('8d1e2339cd0ecc15eb1af8cd5bd224f5','gAJ9cQFVCnRlc3Rjb29raWVxAlUGd29ya2VkcQNzLjJkZmQ2YmFhMzhlYzc1MGY0ZmZiNDdjMmZi\nNDY0NTVm\n','2008-01-18 12:17:42'),('488d2540362fbcc422ab2381911cc971','gAJ9cQEuNDlkNmUyZmYyOTRiMjAzYWU0MGJkNmZiOGRjMWEyODU=\n','2008-01-18 11:47:51'),('056d2cda9e69688dc46efe158802169a','gAJ9cQEuNDlkNmUyZmYyOTRiMjAzYWU0MGJkNmZiOGRjMWEyODU=\n','2008-01-20 21:15:13'),('766196d207115ccfffcdcb3682769c27','gAJ9cQFVCnRlc3Rjb29raWVxAlUGd29ya2VkcQNzLjJkZmQ2YmFhMzhlYzc1MGY0ZmZiNDdjMmZi\nNDY0NTVm\n','2008-01-21 20:32:40'),('2c4b4821954cd5b75fb9837ffdca9f4e','gAJ9cQEoVRJfYXV0aF91c2VyX2JhY2tlbmRxAlUpZGphbmdvLmNvbnRyaWIuYXV0aC5iYWNrZW5k\ncy5Nb2RlbEJhY2tlbmRxA1UNX2F1dGhfdXNlcl9pZHEEigECdS44MjlhMjRmMmE4ZjEwZTdlYThi\nYjJkMTA4Yzc1Y2YyZg==\n','2008-01-22 13:14:58'),('06d9c83ddbb56da17ee213dbb52afb28','gAJ9cQEuNDlkNmUyZmYyOTRiMjAzYWU0MGJkNmZiOGRjMWEyODU=\n','2008-01-25 08:20:07'),('0f1039d77fcf91e85d2fb6d49084380c','gAJ9cQFVCnRlc3Rjb29raWVxAlUGd29ya2VkcQNzLjJkZmQ2YmFhMzhlYzc1MGY0ZmZiNDdjMmZi\nNDY0NTVm\n','2008-01-28 03:47:18'),('e0117b9135f734f6063c56083f167a28','gAJ9cQFVCnRlc3Rjb29raWVxAlUGd29ya2VkcQNzLjJkZmQ2YmFhMzhlYzc1MGY0ZmZiNDdjMmZi\nNDY0NTVm\n','2008-01-28 20:35:50'),('fcb038cd4d5c4f00cae69a6d0112dda2','gAJ9cQFVCnRlc3Rjb29raWVxAlUGd29ya2VkcQNzLjJkZmQ2YmFhMzhlYzc1MGY0ZmZiNDdjMmZi\nNDY0NTVm\n','2008-01-29 08:20:14'),('65b6ba72578733baae4064f2f3dfc2ae','gAJ9cQEoVRJfYXV0aF91c2VyX2JhY2tlbmRxAlUpZGphbmdvLmNvbnRyaWIuYXV0aC5iYWNrZW5k\ncy5Nb2RlbEJhY2tlbmRxA1UNX2F1dGhfdXNlcl9pZHEEigECdS44MjlhMjRmMmE4ZjEwZTdlYThi\nYjJkMTA4Yzc1Y2YyZg==\n','2008-01-30 10:15:02'),('1fb5304338c7b542eb579aace6d47948','gAJ9cQFVCnRlc3Rjb29raWVxAlUGd29ya2VkcQNzLjJkZmQ2YmFhMzhlYzc1MGY0ZmZiNDdjMmZi\nNDY0NTVm\n','2008-01-31 19:07:21'),('e58462fc40b0307578bd37f1c984b8e0','gAJ9cQFVCnRlc3Rjb29raWVxAlUGd29ya2VkcQNzLjJkZmQ2YmFhMzhlYzc1MGY0ZmZiNDdjMmZi\nNDY0NTVm\n','2008-01-31 20:42:57'),('990a4a13ef743ee335b4894795731f20','gAJ9cQFVCnRlc3Rjb29raWVxAlUGd29ya2VkcQNzLjJkZmQ2YmFhMzhlYzc1MGY0ZmZiNDdjMmZi\nNDY0NTVm\n','2008-02-01 21:01:52'),('ef712fbade0017063748912dc48e6181','gAJ9cQFVCnRlc3Rjb29raWVxAlUGd29ya2VkcQNzLjJkZmQ2YmFhMzhlYzc1MGY0ZmZiNDdjMmZi\nNDY0NTVm\n','2008-03-10 01:27:52'),('e66d3c8e3a0ec32397063eecfc56d559','gAJ9cQEuNDlkNmUyZmYyOTRiMjAzYWU0MGJkNmZiOGRjMWEyODU=\n','2008-02-04 23:26:39'),('9e225e4512102784761b0d0eb8c46868','gAJ9cQEoVRJfYXV0aF91c2VyX2JhY2tlbmRxAlUpZGphbmdvLmNvbnRyaWIuYXV0aC5iYWNrZW5k\ncy5Nb2RlbEJhY2tlbmRxA1UNX2F1dGhfdXNlcl9pZHEEigECdS44MjlhMjRmMmE4ZjEwZTdlYThi\nYjJkMTA4Yzc1Y2YyZg==\n','2008-02-03 11:10:56'),('21f597f0f85d3489df09b96c82044118','gAJ9cQFVCnRlc3Rjb29raWVxAlUGd29ya2VkcQNzLjJkZmQ2YmFhMzhlYzc1MGY0ZmZiNDdjMmZi\nNDY0NTVm\n','2008-02-04 07:25:20'),('e5f69f6050e5a3011c73d8bab8345d74','gAJ9cQFVCnRlc3Rjb29raWVxAlUGd29ya2VkcQNzLjJkZmQ2YmFhMzhlYzc1MGY0ZmZiNDdjMmZi\nNDY0NTVm\n','2008-02-08 08:34:19'),('71ea52d574d5bc4335ae0cf982f04a1c','gAJ9cQEoVRJfYXV0aF91c2VyX2JhY2tlbmRxAlUpZGphbmdvLmNvbnRyaWIuYXV0aC5iYWNrZW5k\ncy5Nb2RlbEJhY2tlbmRxA1UNX2F1dGhfdXNlcl9pZHEEigECdS44MjlhMjRmMmE4ZjEwZTdlYThi\nYjJkMTA4Yzc1Y2YyZg==\n','2008-02-09 23:35:53'),('2ba09d74e4d7d16b1d0ebc5117f721ed','gAJ9cQEuNDlkNmUyZmYyOTRiMjAzYWU0MGJkNmZiOGRjMWEyODU=\n','2008-02-17 23:05:08'),('0622c4f85ff8cc4601f6243c80c6343a','gAJ9cQEuNDlkNmUyZmYyOTRiMjAzYWU0MGJkNmZiOGRjMWEyODU=\n','2008-02-15 15:54:57'),('38a33e959cac58f0e691e2fc68a758d9','gAJ9cQEoVRJfYXV0aF91c2VyX2JhY2tlbmRxAlUpZGphbmdvLmNvbnRyaWIuYXV0aC5iYWNrZW5k\ncy5Nb2RlbEJhY2tlbmRxA1UNX2F1dGhfdXNlcl9pZHEEigECdS44MjlhMjRmMmE4ZjEwZTdlYThi\nYjJkMTA4Yzc1Y2YyZg==\n','2008-02-18 08:46:14'),('22f7389bdb89091b6e0bc29325eac65e','gAJ9cQFVCnRlc3Rjb29raWVxAlUGd29ya2VkcQNzLjJkZmQ2YmFhMzhlYzc1MGY0ZmZiNDdjMmZi\nNDY0NTVm\n','2008-02-16 10:37:32'),('0fb490bc8bf5f52a3cdd912dd2e08688','gAJ9cQFVCnRlc3Rjb29raWVxAlUGd29ya2VkcQNzLjJkZmQ2YmFhMzhlYzc1MGY0ZmZiNDdjMmZi\nNDY0NTVm\n','2008-02-16 16:23:13'),('b634f2602d11e9b49f8360dd80bf11bf','gAJ9cQEoVRJfYXV0aF91c2VyX2JhY2tlbmRxAlUpZGphbmdvLmNvbnRyaWIuYXV0aC5iYWNrZW5k\ncy5Nb2RlbEJhY2tlbmRxA1UNX2F1dGhfdXNlcl9pZHEEigECdS44MjlhMjRmMmE4ZjEwZTdlYThi\nYjJkMTA4Yzc1Y2YyZg==\n','2008-02-20 09:53:45'),('480343fd8c5cc6fe353bf458ce07f3c3','gAJ9cQFVCnRlc3Rjb29raWVxAlUGd29ya2VkcQNzLjJkZmQ2YmFhMzhlYzc1MGY0ZmZiNDdjMmZi\nNDY0NTVm\n','2008-02-25 00:12:12'),('8a3172597a40695e3520293cf04e7fd5','gAJ9cQEuNDlkNmUyZmYyOTRiMjAzYWU0MGJkNmZiOGRjMWEyODU=\n','2008-02-21 15:08:18'),('b89bc77561d86f8d563e6bd3a2a49519','gAJ9cQFVCnRlc3Rjb29raWVxAlUGd29ya2VkcQNzLjJkZmQ2YmFhMzhlYzc1MGY0ZmZiNDdjMmZi\nNDY0NTVm\n','2008-02-27 01:34:45'),('ac1d0e2a73e5891053ba5aab6299ff96','gAJ9cQFVCnRlc3Rjb29raWVxAlUGd29ya2VkcQNzLjJkZmQ2YmFhMzhlYzc1MGY0ZmZiNDdjMmZi\nNDY0NTVm\n','2008-03-01 16:45:13'),('1f4c88ea5fa6ea091f9e86a19bb4f6b9','gAJ9cQFVCnRlc3Rjb29raWVxAlUGd29ya2VkcQNzLjJkZmQ2YmFhMzhlYzc1MGY0ZmZiNDdjMmZi\nNDY0NTVm\n','2008-03-02 03:57:18'),('cb9adf107924efa4f12f38dcbaadd168','gAJ9cQEuNDlkNmUyZmYyOTRiMjAzYWU0MGJkNmZiOGRjMWEyODU=\n','2008-03-02 14:36:58'),('6d8bdfa4e1de5922b889f16d446c2aff','gAJ9cQFVCnRlc3Rjb29raWVxAlUGd29ya2VkcQNzLjJkZmQ2YmFhMzhlYzc1MGY0ZmZiNDdjMmZi\nNDY0NTVm\n','2008-03-02 22:30:59'),('fea183a09e5d3b70b20b112c0f5b2f3e','gAJ9cQFVCnRlc3Rjb29raWVxAlUGd29ya2VkcQNzLjJkZmQ2YmFhMzhlYzc1MGY0ZmZiNDdjMmZi\nNDY0NTVm\n','2008-03-04 20:07:01'),('aace26c9aee850def330bfee8fd3693a','gAJ9cQEoVRJfYXV0aF91c2VyX2JhY2tlbmRxAlUpZGphbmdvLmNvbnRyaWIuYXV0aC5iYWNrZW5k\ncy5Nb2RlbEJhY2tlbmRxA1UNX2F1dGhfdXNlcl9pZHEEigECdS44MjlhMjRmMmE4ZjEwZTdlYThi\nYjJkMTA4Yzc1Y2YyZg==\n','2008-03-07 22:25:08'),('512980e2116f5b175f7c4138afe1d325','gAJ9cQFVCnRlc3Rjb29raWVxAlUGd29ya2VkcQNzLjJkZmQ2YmFhMzhlYzc1MGY0ZmZiNDdjMmZi\nNDY0NTVm\n','2008-03-09 23:32:39'),('b7f96f2985ab6207799232e0111c1b50','gAJ9cQEuNDlkNmUyZmYyOTRiMjAzYWU0MGJkNmZiOGRjMWEyODU=\n','2008-03-12 22:10:36'),('ff7b22407c7be01f0cc5d916c082547c','gAJ9cQFVCnRlc3Rjb29raWVxAlUGd29ya2VkcQNzLjJkZmQ2YmFhMzhlYzc1MGY0ZmZiNDdjMmZi\nNDY0NTVm\n','2008-03-13 07:27:39'),('7581b873071b67d426b9be72fb6fd158','gAJ9cQEoVRJfYXV0aF91c2VyX2JhY2tlbmRxAlUpZGphbmdvLmNvbnRyaWIuYXV0aC5iYWNrZW5k\ncy5Nb2RlbEJhY2tlbmRxA1UNX2F1dGhfdXNlcl9pZHEEigECdS44MjlhMjRmMmE4ZjEwZTdlYThi\nYjJkMTA4Yzc1Y2YyZg==\n','2008-03-12 21:45:53'),('a11696716f9abafd7fc32f7a24d2e39a','gAJ9cQFVCnRlc3Rjb29raWVxAlUGd29ya2VkcQNzLjJkZmQ2YmFhMzhlYzc1MGY0ZmZiNDdjMmZi\nNDY0NTVm\n','2008-03-13 08:13:52'),('dfaa37cb18bac6fccb3ccc01cd830577','gAJ9cQEoVRJfYXV0aF91c2VyX2JhY2tlbmRxAlUpZGphbmdvLmNvbnRyaWIuYXV0aC5iYWNrZW5k\ncy5Nb2RlbEJhY2tlbmRxA1UNX2F1dGhfdXNlcl9pZHEEigECdS44MjlhMjRmMmE4ZjEwZTdlYThi\nYjJkMTA4Yzc1Y2YyZg==\n','2008-03-13 08:14:25'),('9b3d74fe9fc4da5f3c9482a8f13a6416','gAJ9cQEuNDlkNmUyZmYyOTRiMjAzYWU0MGJkNmZiOGRjMWEyODU=\n','2008-03-13 23:57:48'),('9a37cafc5391f84d6f390561de5c9872','gAJ9cQEuNDlkNmUyZmYyOTRiMjAzYWU0MGJkNmZiOGRjMWEyODU=\n','2008-03-14 09:00:21'),('ad01cc6fa9cb3defb12cee91a0faec65','gAJ9cQFVCnRlc3Rjb29raWVxAlUGd29ya2VkcQNzLjJkZmQ2YmFhMzhlYzc1MGY0ZmZiNDdjMmZi\nNDY0NTVm\n','2008-03-14 12:31:51'),('c9abcc8a26979e86c941e3a9b0ff81d9','gAJ9cQEoVRJfYXV0aF91c2VyX2JhY2tlbmRxAlUpZGphbmdvLmNvbnRyaWIuYXV0aC5iYWNrZW5k\ncy5Nb2RlbEJhY2tlbmRxA1UNX2F1dGhfdXNlcl9pZHEEigECdS44MjlhMjRmMmE4ZjEwZTdlYThi\nYjJkMTA4Yzc1Y2YyZg==\n','2008-03-16 20:49:42'),('e0ea822105e8fda49169c55b7a41ddf6','gAJ9cQFVCnRlc3Rjb29raWVxAlUGd29ya2VkcQNzLjJkZmQ2YmFhMzhlYzc1MGY0ZmZiNDdjMmZi\nNDY0NTVm\n','2008-03-18 05:16:33'),('d96465298272dd6943aca45512c87e8f','gAJ9cQEoVRJfYXV0aF91c2VyX2JhY2tlbmRxAlUpZGphbmdvLmNvbnRyaWIuYXV0aC5iYWNrZW5k\ncy5Nb2RlbEJhY2tlbmRxA1UNX2F1dGhfdXNlcl9pZHEEigECdS44MjlhMjRmMmE4ZjEwZTdlYThi\nYjJkMTA4Yzc1Y2YyZg==\n','2008-03-18 09:28:27'),('e1815c0e721bd88c3ac8f576c0d6f01c','gAJ9cQFVCnRlc3Rjb29raWVxAlUGd29ya2VkcQNzLjJkZmQ2YmFhMzhlYzc1MGY0ZmZiNDdjMmZi\nNDY0NTVm\n','2008-03-18 11:38:44'),('dc05bce5064a95b69d678fb18fe90b3e','gAJ9cQFVCnRlc3Rjb29raWVxAlUGd29ya2VkcQNzLjJkZmQ2YmFhMzhlYzc1MGY0ZmZiNDdjMmZi\nNDY0NTVm\n','2008-03-19 11:48:20'),('5e06c755f98ea5255ec0ea3122ecc5b5','gAJ9cQEuNDlkNmUyZmYyOTRiMjAzYWU0MGJkNmZiOGRjMWEyODU=\n','2008-03-24 07:23:58'),('9d70c5d923b403126420a17cea45b2f5','gAJ9cQFVCnRlc3Rjb29raWVxAlUGd29ya2VkcQNzLjJkZmQ2YmFhMzhlYzc1MGY0ZmZiNDdjMmZi\nNDY0NTVm\n','2008-03-24 04:32:21'),('e575e0892c9caa9f4c5a02d9e158ca8b','gAJ9cQEoVRJfYXV0aF91c2VyX2JhY2tlbmRxAlUpZGphbmdvLmNvbnRyaWIuYXV0aC5iYWNrZW5k\ncy5Nb2RlbEJhY2tlbmRxA1UNX2F1dGhfdXNlcl9pZHEEigECdS44MjlhMjRmMmE4ZjEwZTdlYThi\nYjJkMTA4Yzc1Y2YyZg==\n','2008-03-24 08:39:46'),('7d71f50b40472e504fa98d2569321698','gAJ9cQEuNDlkNmUyZmYyOTRiMjAzYWU0MGJkNmZiOGRjMWEyODU=\n','2008-03-23 15:34:54'),('e762e17fefac517345a3f30ec5a212e6','gAJ9cQFVCnRlc3Rjb29raWVxAlUGd29ya2VkcQNzLjJkZmQ2YmFhMzhlYzc1MGY0ZmZiNDdjMmZi\nNDY0NTVm\n','2008-03-22 16:40:28'),('aed3f177ea58fd16dcb718aaa5251801','gAJ9cQEuNDlkNmUyZmYyOTRiMjAzYWU0MGJkNmZiOGRjMWEyODU=\n','2008-03-24 08:46:46'),('9a837cd80e49b7aafa24fb7fdc896751','gAJ9cQFVCnRlc3Rjb29raWVxAlUGd29ya2VkcQNzLjJkZmQ2YmFhMzhlYzc1MGY0ZmZiNDdjMmZi\nNDY0NTVm\n','2008-03-24 17:08:17'),('8a561ff4f1840034d1eb94b43c4487c9','gAJ9cQFVCnRlc3Rjb29raWVxAlUGd29ya2VkcQNzLjJkZmQ2YmFhMzhlYzc1MGY0ZmZiNDdjMmZi\nNDY0NTVm\n','2008-03-27 17:59:11'),('12d2f275e8f4d87e9eaef6f2bda01d5a','gAJ9cQFVCnRlc3Rjb29raWVxAlUGd29ya2VkcQNzLjJkZmQ2YmFhMzhlYzc1MGY0ZmZiNDdjMmZi\nNDY0NTVm\n','2008-03-27 21:52:51'),('0e6129803a617d17f610f8bc67d21664','gAJ9cQEoVRJfYXV0aF91c2VyX2JhY2tlbmRxAlUpZGphbmdvLmNvbnRyaWIuYXV0aC5iYWNrZW5k\ncy5Nb2RlbEJhY2tlbmRxA1UNX2F1dGhfdXNlcl9pZHEEigECdS44MjlhMjRmMmE4ZjEwZTdlYThi\nYjJkMTA4Yzc1Y2YyZg==\n','2008-03-30 16:13:31'),('cadea3128f2f53f6213b9116fc05b1cd','gAJ9cQFVCnRlc3Rjb29raWVxAlUGd29ya2VkcQNzLjJkZmQ2YmFhMzhlYzc1MGY0ZmZiNDdjMmZi\nNDY0NTVm\n','2008-03-28 16:35:00'),('ff215e77cae4cb6d4dc6d1471acaeb16','gAJ9cQFVCnRlc3Rjb29raWVxAlUGd29ya2VkcQNzLjJkZmQ2YmFhMzhlYzc1MGY0ZmZiNDdjMmZi\nNDY0NTVm\n','2008-03-31 21:49:59'),('37f01f8a774e02d6b17a857ae94aa860','gAJ9cQFVCnRlc3Rjb29raWVxAlUGd29ya2VkcQNzLjJkZmQ2YmFhMzhlYzc1MGY0ZmZiNDdjMmZi\nNDY0NTVm\n','2008-04-01 13:06:59'),('38d50ac3b33ffdd9c06781d5f723d4e3','gAJ9cQEuNDlkNmUyZmYyOTRiMjAzYWU0MGJkNmZiOGRjMWEyODU=\n','2008-04-03 23:26:01'),('f1f9fd2f7b777b98113803be004ea706','gAJ9cQFVCnRlc3Rjb29raWVxAlUGd29ya2VkcQNzLjJkZmQ2YmFhMzhlYzc1MGY0ZmZiNDdjMmZi\nNDY0NTVm\n','2008-04-04 21:46:21'),('d5e016b5cfc493d4860850915ec96fad','gAJ9cQFVCnRlc3Rjb29raWVxAlUGd29ya2VkcQNzLjJkZmQ2YmFhMzhlYzc1MGY0ZmZiNDdjMmZi\nNDY0NTVm\n','2008-04-07 13:20:50'),('90af1b93e54e74c81c417803db9ee125','gAJ9cQEoVRJfYXV0aF91c2VyX2JhY2tlbmRxAlUpZGphbmdvLmNvbnRyaWIuYXV0aC5iYWNrZW5k\ncy5Nb2RlbEJhY2tlbmRxA1UNX2F1dGhfdXNlcl9pZHEEigECdS44MjlhMjRmMmE4ZjEwZTdlYThi\nYjJkMTA4Yzc1Y2YyZg==\n','2008-04-15 13:47:52'),('e9de9ffa97081970ed14fc9949a2b233','gAJ9cQFVCnRlc3Rjb29raWVxAlUGd29ya2VkcQNzLjJkZmQ2YmFhMzhlYzc1MGY0ZmZiNDdjMmZi\nNDY0NTVm\n','2008-04-16 07:33:33'),('48c9a7b41f4c2d9d6e23ef0e7e8f996c','gAJ9cQFVCnRlc3Rjb29raWVxAlUGd29ya2VkcQNzLjJkZmQ2YmFhMzhlYzc1MGY0ZmZiNDdjMmZi\nNDY0NTVm\n','2008-04-17 07:01:32'),('010082a4623d87101a82dcec28f228a5','gAJ9cQFVCnRlc3Rjb29raWVxAlUGd29ya2VkcQNzLjJkZmQ2YmFhMzhlYzc1MGY0ZmZiNDdjMmZi\nNDY0NTVm\n','2008-04-17 11:09:28'),('b798efb73ad906ac54907e106f5f6b79','gAJ9cQFVCnRlc3Rjb29raWVxAlUGd29ya2VkcQNzLjJkZmQ2YmFhMzhlYzc1MGY0ZmZiNDdjMmZi\nNDY0NTVm\n','2008-04-17 11:09:42'),('92d83e1e884ec7b28f3cfd1e0c67738e','gAJ9cQFVCnRlc3Rjb29raWVxAlUGd29ya2VkcQNzLjJkZmQ2YmFhMzhlYzc1MGY0ZmZiNDdjMmZi\nNDY0NTVm\n','2008-04-19 16:24:10'),('2acd2bfe042d3e3035a311a3642d0459','gAJ9cQFVCnRlc3Rjb29raWVxAlUGd29ya2VkcQNzLjJkZmQ2YmFhMzhlYzc1MGY0ZmZiNDdjMmZi\nNDY0NTVm\n','2008-04-19 16:25:31'),('893454536a2492d58d70e655a9110bf7','gAJ9cQEoVRJfYXV0aF91c2VyX2JhY2tlbmRxAlUpZGphbmdvLmNvbnRyaWIuYXV0aC5iYWNrZW5k\ncy5Nb2RlbEJhY2tlbmRxA1UNX2F1dGhfdXNlcl9pZHEEigETdS44YzNhNTJhMWM3ZWUzZmRmZDNi\nMzBlZDQ4NTc5ODcwOQ==\n','2008-04-19 21:56:02'),('cf0bd4736f53f5ba46a7e766a6c98eef','gAJ9cQEuNDlkNmUyZmYyOTRiMjAzYWU0MGJkNmZiOGRjMWEyODU=\n','2008-04-23 09:46:59'),('22649cee2c4824f8e9b8a204263d52cc','gAJ9cQEuNDlkNmUyZmYyOTRiMjAzYWU0MGJkNmZiOGRjMWEyODU=\n','2008-04-20 21:56:44'),('355277696ebda111fa6dbd228fd7d0d7','gAJ9cQFVCnRlc3Rjb29raWVxAlUGd29ya2VkcQNzLjJkZmQ2YmFhMzhlYzc1MGY0ZmZiNDdjMmZi\nNDY0NTVm\n','2008-04-23 17:22:21'),('01a8d32f89ec77e43e29631602efd125','gAJ9cQFVCnRlc3Rjb29raWVxAlUGd29ya2VkcQNzLjJkZmQ2YmFhMzhlYzc1MGY0ZmZiNDdjMmZi\nNDY0NTVm\n','2008-04-27 07:36:29'),('e54c42d606636986290ea20bdfce07af','gAJ9cQFVCnRlc3Rjb29raWVxAlUGd29ya2VkcQNzLjJkZmQ2YmFhMzhlYzc1MGY0ZmZiNDdjMmZi\nNDY0NTVm\n','2008-04-27 08:24:52'),('d8ee3862cfe7db17dea0a2220aa12acb','gAJ9cQFVCnRlc3Rjb29raWVxAlUGd29ya2VkcQNzLjJkZmQ2YmFhMzhlYzc1MGY0ZmZiNDdjMmZi\nNDY0NTVm\n','2008-04-29 16:16:06'),('7f57a585be2920b05c7494e05a5d75c0','gAJ9cQEuNDlkNmUyZmYyOTRiMjAzYWU0MGJkNmZiOGRjMWEyODU=\n','2008-05-07 22:38:02'),('48fd3e341867c5e5aebc6e590213b2c4','gAJ9cQEuNDlkNmUyZmYyOTRiMjAzYWU0MGJkNmZiOGRjMWEyODU=\n','2008-05-08 09:26:59'),('9629a8aedbd182b4f1530e8509e8d277','gAJ9cQEoVRJfYXV0aF91c2VyX2JhY2tlbmRxAlUpZGphbmdvLmNvbnRyaWIuYXV0aC5iYWNrZW5k\ncy5Nb2RlbEJhY2tlbmRxA1UNX2F1dGhfdXNlcl9pZHEEigEVdS42Y2E5MDNlYzA0YzZjNDdmZDg3\nM2JiNzgzNDcyYjAwYQ==\n','2008-05-08 13:06:03'),('c21982ca06e7a6c1459264ca56027c0b','gAJ9cQEuNDlkNmUyZmYyOTRiMjAzYWU0MGJkNmZiOGRjMWEyODU=\n','2008-05-12 12:58:31'),('a8221c1d64b9c4434dbd6fc8332a2a10','gAJ9cQFVCnRlc3Rjb29raWVxAlUGd29ya2VkcQNzLjJkZmQ2YmFhMzhlYzc1MGY0ZmZiNDdjMmZi\nNDY0NTVm\n','2008-05-10 23:11:52'),('653422d87eb8da7321c597b9bf773f23','gAJ9cQFVCnRlc3Rjb29raWVxAlUGd29ya2VkcQNzLjJkZmQ2YmFhMzhlYzc1MGY0ZmZiNDdjMmZi\nNDY0NTVm\n','2008-05-12 15:38:32'),('1b1bdb8c13a43fa52290cccb2a641f5e','gAJ9cQFVCnRlc3Rjb29raWVxAlUGd29ya2VkcQNzLjJkZmQ2YmFhMzhlYzc1MGY0ZmZiNDdjMmZi\nNDY0NTVm\n','2008-05-14 14:17:26'),('2327ac129f8931f1796109fb5ae23f09','gAJ9cQEuNDlkNmUyZmYyOTRiMjAzYWU0MGJkNmZiOGRjMWEyODU=\n','2008-05-14 22:05:04'),('feaa8589097e15c1f0b90dd5ca8e4ab1','gAJ9cQFVCnRlc3Rjb29raWVxAlUGd29ya2VkcQNzLjJkZmQ2YmFhMzhlYzc1MGY0ZmZiNDdjMmZi\nNDY0NTVm\n','2008-05-17 17:02:40'),('abc03a27164aef04402786d267a49ced','gAJ9cQFVCnRlc3Rjb29raWVxAlUGd29ya2VkcQNzLjJkZmQ2YmFhMzhlYzc1MGY0ZmZiNDdjMmZi\nNDY0NTVm\n','2008-05-20 10:29:30'),('e3473789ddf1c8b1057da011d164e27d','gAJ9cQFVCnRlc3Rjb29raWVxAlUGd29ya2VkcQNzLjJkZmQ2YmFhMzhlYzc1MGY0ZmZiNDdjMmZi\nNDY0NTVm\n','2008-05-21 11:31:37'),('0676c85d92d2d3a6e4701793bf22303e','gAJ9cQEoVRJfYXV0aF91c2VyX2JhY2tlbmRxAlUpZGphbmdvLmNvbnRyaWIuYXV0aC5iYWNrZW5k\ncy5Nb2RlbEJhY2tlbmRxA1UNX2F1dGhfdXNlcl9pZHEEigECdS44MjlhMjRmMmE4ZjEwZTdlYThi\nYjJkMTA4Yzc1Y2YyZg==\n','2008-05-21 12:48:17'),('e60b736f575aaac1e2ae623a4b15fec9','gAJ9cQFVCnRlc3Rjb29raWVxAlUGd29ya2VkcQNzLjJkZmQ2YmFhMzhlYzc1MGY0ZmZiNDdjMmZi\nNDY0NTVm\n','2008-05-22 04:50:54'),('c7d3bbc8094556a68084565a191092d3','gAJ9cQFVCnRlc3Rjb29raWVxAlUGd29ya2VkcQNzLjJkZmQ2YmFhMzhlYzc1MGY0ZmZiNDdjMmZi\nNDY0NTVm\n','2008-05-22 20:35:52'),('c7f158d5d5087bc1b8984585a0da8489','gAJ9cQFVCnRlc3Rjb29raWVxAlUGd29ya2VkcQNzLjJkZmQ2YmFhMzhlYzc1MGY0ZmZiNDdjMmZi\nNDY0NTVm\n','2008-05-24 05:45:02'),('6aa7e3037173bbba5cebc4aba940d75b','gAJ9cQFVCnRlc3Rjb29raWVxAlUGd29ya2VkcQNzLjJkZmQ2YmFhMzhlYzc1MGY0ZmZiNDdjMmZi\nNDY0NTVm\n','2008-05-26 01:19:40'),('fefd05885b34d629f84799eb5092817b','gAJ9cQFVCnRlc3Rjb29raWVxAlUGd29ya2VkcQNzLjJkZmQ2YmFhMzhlYzc1MGY0ZmZiNDdjMmZi\nNDY0NTVm\n','2008-05-26 09:10:06'),('cef68ebbf2f054c81a7313e04c112b3d','gAJ9cQFVCnRlc3Rjb29raWVxAlUGd29ya2VkcQNzLjJkZmQ2YmFhMzhlYzc1MGY0ZmZiNDdjMmZi\nNDY0NTVm\n','2008-05-26 23:53:40'),('f2a744b69d3dfdcb319bf5bbcac2ba58','gAJ9cQFVCnRlc3Rjb29raWVxAlUGd29ya2VkcQNzLjJkZmQ2YmFhMzhlYzc1MGY0ZmZiNDdjMmZi\nNDY0NTVm\n','2008-05-26 23:53:51'),('890a347d8a33b9cec7aa2debd2344f4c','gAJ9cQFVCnRlc3Rjb29raWVxAlUGd29ya2VkcQNzLjJkZmQ2YmFhMzhlYzc1MGY0ZmZiNDdjMmZi\nNDY0NTVm\n','2008-05-27 21:14:21'),('f54832874449ba4b8da61e9c2027bced','gAJ9cQFVCnRlc3Rjb29raWVxAlUGd29ya2VkcQNzLjJkZmQ2YmFhMzhlYzc1MGY0ZmZiNDdjMmZi\nNDY0NTVm\n','2008-05-28 16:08:28'),('b557ec71526e4acca3a3432e7f51a401','gAJ9cQEuNDlkNmUyZmYyOTRiMjAzYWU0MGJkNmZiOGRjMWEyODU=\n','2008-05-29 13:29:10'),('2cd1701f2c0aff4d73d494e5ac4766a8','gAJ9cQFVCnRlc3Rjb29raWVxAlUGd29ya2VkcQNzLjJkZmQ2YmFhMzhlYzc1MGY0ZmZiNDdjMmZi\nNDY0NTVm\n','2008-05-30 10:18:35'),('d879c246ff72c3db2acede68c79315c1','gAJ9cQEoVRJfYXV0aF91c2VyX2JhY2tlbmRxAlUpZGphbmdvLmNvbnRyaWIuYXV0aC5iYWNrZW5k\ncy5Nb2RlbEJhY2tlbmRxA1UNX2F1dGhfdXNlcl9pZHEEigECdS44MjlhMjRmMmE4ZjEwZTdlYThi\nYjJkMTA4Yzc1Y2YyZg==\n','2008-05-29 16:13:44'),('96e235f73efb64b4d0e517760bd9b229','gAJ9cQFVCnRlc3Rjb29raWVxAlUGd29ya2VkcQNzLjJkZmQ2YmFhMzhlYzc1MGY0ZmZiNDdjMmZi\nNDY0NTVm\n','2008-05-29 16:15:36'),('7e832e9b57974fd2fc8ad152531ca443','gAJ9cQFVCnRlc3Rjb29raWVxAlUGd29ya2VkcQNzLjJkZmQ2YmFhMzhlYzc1MGY0ZmZiNDdjMmZi\nNDY0NTVm\n','2008-05-29 16:15:57'),('70cb3491e19fdd48a82d0bf757a527d3','gAJ9cQEuNDlkNmUyZmYyOTRiMjAzYWU0MGJkNmZiOGRjMWEyODU=\n','2008-05-29 16:17:50'),('e0b23000c31361dd9146b8057c21d912','gAJ9cQFVCnRlc3Rjb29raWVxAlUGd29ya2VkcQNzLjJkZmQ2YmFhMzhlYzc1MGY0ZmZiNDdjMmZi\nNDY0NTVm\n','2008-05-29 20:15:11');
UNLOCK TABLES;
/*!40000 ALTER TABLE `django_session` ENABLE KEYS */;

--
-- Table structure for table `django_site`
--

DROP TABLE IF EXISTS `django_site`;
CREATE TABLE `django_site` (
  `id` int(11) NOT NULL auto_increment,
  `domain` varchar(100) NOT NULL,
  `name` varchar(50) NOT NULL,
  PRIMARY KEY  (`id`)
) ENGINE=MyISAM DEFAULT CHARSET=latin1;

--
-- Dumping data for table `django_site`
--


/*!40000 ALTER TABLE `django_site` DISABLE KEYS */;
LOCK TABLES `django_site` WRITE;
INSERT INTO `django_site` VALUES (1,'example.com','example.com');
UNLOCK TABLES;
/*!40000 ALTER TABLE `django_site` ENABLE KEYS */;

--
-- Table structure for table `synopsis_comment`
--

DROP TABLE IF EXISTS `synopsis_comment`;
CREATE TABLE `synopsis_comment` (
  `id` int(11) NOT NULL auto_increment,
  `posted_by_id` int(11) NOT NULL,
  `text` varchar(5000) NOT NULL,
  `date` datetime NOT NULL,
  `type_of` varchar(50) NOT NULL,
  `synopsis_id` int(11) NOT NULL,
  `reply_to` int(11) default NULL,
  PRIMARY KEY  (`id`),
  KEY `synopsis_comment_posted_by_id` (`posted_by_id`),
  KEY `synopsis_comment_synopsis_id` (`synopsis_id`)
) ENGINE=MyISAM DEFAULT CHARSET=latin1;

--
-- Dumping data for table `synopsis_comment`
--


/*!40000 ALTER TABLE `synopsis_comment` DISABLE KEYS */;
LOCK TABLES `synopsis_comment` WRITE;
INSERT INTO `synopsis_comment` VALUES (1,3,'I guess we should be hiring monkeys instead of people to do our programming at my work.  Some real \"Code Monkeys\"!','2007-12-03 15:31:53','1',9,NULL),(2,2,'Where I work in Phoenix, Catherine Reagor of the Arizona Republic reports that \"foreclosures are on track to keep climbing because more people in neighborhoods with homes priced at $400,000 to $450,000 are behind on their mortgage payments than any other segment of the Valley\'s housing market.\"','2007-12-04 07:43:15','1',10,NULL),(3,5,'I do not understand why Republicans are so afraid of homosexuality!  We need make sure men like Huckabee never become president.  ','2007-12-09 16:04:48','1',11,NULL),(4,3,'Republicans like Hukabee claim to be pro life, but when it comes to really helping people, like AIDS research or health care for kids they would rather let people die then support it.','2007-12-09 16:10:08','1',11,NULL),(5,4,'Why does the main stream media keep backing Hillary?','2007-12-16 17:44:46','1',19,NULL),(6,4,'Why does the main stream media keep backing Hillary?','2007-12-16 17:44:46','1',19,NULL),(7,5,'Who cares about the main stream media.  I never follow what that report.  The are owned by neocon multinationals that want Hilary to be the choice because they no most people will not vote for her and instead vote republican in the general election.','2007-12-16 17:48:42','1',19,6),(8,9,'I agree, Guns are what VC\'s are looking for today.','2007-12-19 21:13:12','1',7,NULL),(9,9,'http://thelonggoodbye.wordpress.com/2007/12/18/there-are-truths-on-this-side-of-the-pyranees-which-are-falsehoods-on-the-other/','2007-12-19 21:14:21','1',21,NULL),(10,4,'Is this really how things are in the US, in 2007, in the richest country in the world?','2007-12-22 23:47:28','1',22,NULL),(11,10,'yes, it is a sad world.','2007-12-22 23:56:08','1',22,10),(12,11,'The world is in trouble!  Democracy is falling apart. ','2007-12-27 12:37:27','1',23,NULL),(13,7,'What is interesting to compare Giuliani\'s response verses Edwards.  Giulian proposes supporting the military leaders with more US military forces.  Edward\'s proposes the diplomatic and democratic approach with pressure on Musharraf for fair and free elections.\n\nThis speaks to the Republican view which is military force to suppress dissent vs the Democratic view which is support democratic process.','2007-12-28 10:26:25','1',27,NULL),(14,2,'I think you need to strike a balance between diplomacy and a military response, especially when dealing with terrorists (it is now confirmed that Al Qaeda is behind the Bhutto assassination). I would have liked to hear Edwards include in his assessment of U.S. money going to Musharraf something about going after Al Qaeda and the Taliban in the remote tribal areas along the border with Afghanistan, which is something Musharraf has been unwilling to do thus far.\n\nBut yes, it is interesting to hear that Giuliani\'s first instinct is to respond militarily.','2007-12-28 11:02:02','1',27,13),(15,3,'Let\'s think of it this way, what if after the 9/11 terrorist attack, Musharraf said to Bush \"We want to help you fight Al Qaeda, so we are going to send armed troops to the US to help you police your streets and borders for any terrorists or subversive types that may oppose us\"\n\nWhat do think we would say to that?  ','2007-12-28 17:14:53','1',27,14),(16,5,'Thanks, this is a very helpful list.','2007-12-29 08:55:49','1',24,NULL),(17,5,'That part of the world has always been struggling with democracy.  This will push the struggle back years, because Bush and Musharraf will use this as an excuse to impose more constraints on civil liberties, all in the name of the \"War on Terror\" ','2007-12-29 09:00:22','1',23,12),(18,5,'The only confirmation that Al Qaeda was behind the assassination is coming from the \"Government\", but know one in Pakistan trusts the government.\n\nhttp://www.nytimes.com/2007/12/29/world/asia/29cnd-pakistan.html?_r=1&hp&oref=slogin ','2007-12-29 09:04:02','1',27,14),(19,5,'Good point, we should working with the international community, say the UN!  The US government always has a double standard when it comes to foreign policy, international rules and treaties only apply to the world not to the US.','2007-12-29 09:08:26','1',27,15),(20,12,'In my country we had to fight for our democracy, as they will have to in Pakistan.  Fight everyday in the streets.','2008-01-01 14:11:51','1',27,NULL),(21,2,'Interesting...looks like MSNBC removed the passage regarding \"Huckabee supporters stood Thursday evening in circles, holding hands and offering prayers in the middle of the ballroom.\" Also deleted from the article is the text about Kucinich and Richardson giving support to Obama as a second choice candidate. Oh well, that\'s what I get for writing a synopsis on \"breaking news.\"','2008-01-03 21:30:32','1',31,NULL),(22,8,'breaking news is good, bad on MSNBC for not understanding that things on the web should not change once they post story, if they have updates then they should have a new url','2008-01-03 22:33:57','1',31,NULL),(23,9,'http://www.nytimes.com/2008/01/03/us/politics/03cnd-campaign.html?_r=1&hp=&oref=slogin&pagewanted=print','2008-01-03 22:36:00','1',31,NULL),(24,8,'Yes, let\'s hope all the candidates hear his message.\n\nhttp://www.nytimes.com/imagepages/2007/12/22/business/23wealth_graphic1.html\n\nhttp://www.nytimes.com/2007/12/23/business/23wealth.html?pagewanted=print ','2008-01-03 22:56:18','1',32,NULL),(25,2,'How did Huckabee pulled it off in Iowa despite being outspent by Romney in the millions of dollars?  What\'s different about Edwards\' shortfall of campaign money that would prevent him from winning the Democratic nomination?','2008-01-04 08:35:09','1',32,24),(26,3,'Iowa has a large Evangelical population and they were not going to support Romney, so Huckabee got there vote without having to spend a lot of money on TV ads.  Unfortunately, most people vote for a candidate based on how their run their campaign.\n\nEvangelical conservatives are voting based on their candidate\'s faith or religion, and Huckabee\'s campaign was all about his religion.\n\nObama is a powerful public speaker that can inspire people which helps to mobilizes support for his campaign.  But during his speeches he does not get very specific with the issues, just speaks to general change in Washington.\n\nEdwards has a very detail set of issues that he speaks to during his speeches, but it gets over shadowed by the media coverage given to Obama and Clinton. As I said most American\'s do not vote for a candidate on their detailed agenda and their record, but on how they run their campaign, which is a shame and kind of a mochary of democracy. \n\n','2008-01-04 11:47:49','1',32,25),(27,2,'I know Edwards is not going to become a fantastic inspirational speaker all of a sudden, but you would think that if he strongly wants to win the Democratic nomination that he would change how he\'s delivering his message. Or does he think he would be sacrificing his convictions if he, say for example, lessens the anti-corporation rhetoric.','2008-01-04 13:54:27','1',32,26),(28,2,'I wonder if Edwards\' attack of Clinton in the NH debates caused him to slip in the poll? We learned from Iowa that personal attacks are not going to sit well with voters. But I think it is good strategy by  Edwards and Obama both portraying themselves as agents of change against the status quo of Clinton.','2008-01-06 21:11:02','1',35,NULL),(29,13,'Not the richest country anymore, do you know the value of the US dollar?','2008-01-14 08:32:42','1',22,10),(30,3,'Hopefully Sun will not screw up MySQL.','2008-01-20 10:43:11','1',38,NULL),(31,16,'This is a major endorsement.','2008-01-31 22:52:41','1',41,NULL),(32,18,'Wow a comparison to JFK, yeah that is a big deal.','2008-01-31 23:01:48','1',41,31),(33,3,'This is going to get worse','2008-02-07 18:38:37','1',39,NULL),(34,18,'Very interesting, I had a very different view of anarchism.  It seems like the direction we should working towards, I have always felt that capitalism is an evil system, but was not sure what the alternative would be to that system.  ','2008-02-07 22:16:59','1',46,NULL),(35,18,'Higher prices for ice cream is the least of our problems if the bees disappear.  No bees, no humans!! ','2008-02-20 09:14:45','1',47,NULL),(36,14,'I agree, CCD is a symptom of a much larger problem.  We can not to continue to destroy the environment and expect that we will not start feeling the effects.  The US needs to lead the effort to save the environment, mainly because of all the great wealth in that country.  The US should lead and help bring countries like mine toward a clean industrial revolution, not a coal based one like the US used to build its great wealth.','2008-02-20 09:22:00','1',47,35),(37,14,'Also, whoever runs this site, I like the the new *recent comments* section.  This site is very cool, nice twist on the Digg idea.','2008-02-20 09:24:58','1',47,36),(38,2,'No doubt about that. Something is also killing bats in northeastern U.S.: http://www.bloomberg.com/apps/news?pid=20601103&sid=aYkAPd6ViRQY&refer=us','2008-02-22 22:28:12','1',47,35),(39,3,'Thanks Juitee. I am glad that you like the site we will be adding more features in the coming weeks, please let us know what you think. Also, please help the site grow by spreading the word.  \n','2008-02-24 14:05:09','1',47,37),(40,9,'Yeah, very cool site.  Will you be adding a site feed soon?','2008-02-24 14:08:20','1',47,39),(41,3,'Thanks, very soon, I hope to get feeds working by next week.','2008-02-24 14:09:37','1',47,40),(42,3,'The only true candidate for president who would really fight against the corporatism (fascism) that has taken over the US. ','2008-02-25 00:19:09','1',48,NULL),(43,3,'Clinton\'s reaction to Nadar running:\n\"I don\'t know what to say,\" she said, when a reporter asked for comment. Wow, thats really unfortunate. I remember when he did this before. Its not good for anybody, especially our country.\"\n\n*NOT GOOD FOR OUR COUNTRY* I am not sure Clinton understands that democracy is about choices.  Her reaction just illustrates how much of a centrist she is that when a true liberal comes into the race she thinks it is bad for the country.  \n\nhttp://thecaucus.blogs.nytimes.com/2008/02/24/the-candidates-on-nader/index.html','2008-02-25 00:45:00','1',48,NULL),(44,19,'First goes the bees, then goes the people!\n\nIs it too late to save the planet?  Maybe, but we should all spend our lives trying to save it.  We owe our kids at least the effort.\n\n','2008-02-25 01:27:15','1',47,NULL),(45,8,'Politics for sale in a libertarian free market ','2008-02-28 23:38:42','1',49,NULL),(46,14,'More information here: http://hrw.org/doc?t=americas&c=colomb','2008-02-28 23:44:41','1',50,NULL),(47,10,'Very scary times','2008-02-28 23:46:10','1',50,NULL),(48,7,'I know I have friends in Colombia fighting the fight for peace','2008-02-28 23:47:26','1',50,47),(49,7,'Yes, I do think anarchism is the answer','2008-02-28 23:48:12','1',46,NULL),(50,7,'The US does not know what democracy is..they think they do, but the do not know..','2008-02-28 23:49:41','1',48,43),(51,11,'I to have friends there, but they are leaving.  Colombia is a very scary place today more than ever','2008-02-28 23:51:22','1',50,48),(52,13,'The government will do nothing, they never do anything to protect peace movements.','2008-02-28 23:53:19','1',50,NULL),(53,13,'Ron Paul is a joke','2008-02-28 23:54:01','1',49,NULL),(54,17,'Yes, we all know that','2008-02-28 23:54:56','1',49,53),(55,17,'Hey, Zenopsis guys, I like the new site feeds, very cool','2008-02-28 23:56:11','1',49,NULL),(56,17,'Yes, it is','2008-02-28 23:57:36','1',39,33),(57,3,'The entire concept of this site does not make sense.  How does banning books from the site make it more family friendly?  Books do not search for themselves or for that mater order themselves.  If I want to order a book with daughter on on \"amazon\":http://amazon.com on say Sesame Street, I would not enter a search for \"hot sluts\", so I make amazon family friendly by being a parent censoring what my children have access to, not what other people may what to view.\n\nThis is typical conservative morality, they believe that people are basically evil so they are concerned with what people do in private.\n\nThomas Jefferson said \"Information is the currency of democracy\"..All information even the information that you may not like..','2008-03-08 00:00:49','1',52,NULL),(58,17,'Well said','2008-03-08 00:05:41','1',52,57),(59,2,'The article also mentions that Kelli White is months away from completing her MBA in marketing; she got into the program thanks in part to a USADA letter of recommendation. I thought that was a nice gesture from the USADA.\n\nThose who don\'t learn from history are bound to repeat it. Et tu, Roger Clemens?','2008-03-08 15:52:54','1',53,NULL),(60,17,'It is amazing how American\'s spend more time and money hunting down and prosecuting drug offenders then they do looking for real terrorists like Osama bin Laden.','2008-03-09 17:49:59','1',53,NULL),(61,10,'Agreed, the United States has a preoccupation with the so called \"War on Drugs\", I guess that is why \"most Americans are in jail\":http://www.nytimes.com/2008/02/28/us/28cnd-prison.html?incamp=article_popular_1. ','2008-03-09 17:54:10','1',53,60),(62,12,'So true','2008-03-09 17:56:13','1',53,61),(63,19,'This is politically motivated','2008-04-05 21:21:13','1',56,NULL),(64,22,'Very sad, he was a great man','2008-04-05 21:36:33','1',57,NULL),(65,23,'Best wishes to his family','2008-04-05 21:42:20','1',57,64),(66,19,'Yes he was a great man','2008-04-05 21:57:05','1',57,65),(67,3,'Every company should do what Google does..','2008-04-24 12:32:50','1',61,NULL),(68,26,'I work at Google, and we love it.','2008-04-24 13:02:01','1',61,67),(69,4,'Very cool','2008-04-24 13:05:18','1',62,NULL),(70,21,'Just what I was looking for, I love TextMate, but searching is a pain.','2008-04-24 13:06:45','1',62,NULL);
UNLOCK TABLES;
/*!40000 ALTER TABLE `synopsis_comment` ENABLE KEYS */;

--
-- Table structure for table `synopsis_election`
--

DROP TABLE IF EXISTS `synopsis_election`;
CREATE TABLE `synopsis_election` (
  `id` int(11) NOT NULL auto_increment,
  `synopsis_id` int(11) NOT NULL,
  `user_id` int(11) NOT NULL,
  `date` datetime NOT NULL,
  PRIMARY KEY  (`id`),
  KEY `synopsis_election_synopsis_id` (`synopsis_id`),
  KEY `synopsis_election_user_id` (`user_id`)
) ENGINE=MyISAM DEFAULT CHARSET=latin1;

--
-- Dumping data for table `synopsis_election`
--


/*!40000 ALTER TABLE `synopsis_election` DISABLE KEYS */;
LOCK TABLES `synopsis_election` WRITE;
INSERT INTO `synopsis_election` VALUES (1,1,3,'2007-11-21 06:46:17'),(2,1,2,'2007-11-21 09:13:41'),(3,4,3,'2007-11-25 19:57:40'),(4,5,3,'2007-11-27 18:07:09'),(5,6,3,'2007-12-01 09:30:24'),(6,6,4,'2007-12-01 16:14:41'),(7,2,4,'2007-12-01 16:15:28'),(8,5,4,'2007-12-01 16:15:37'),(9,7,3,'2007-12-01 19:53:13'),(10,7,4,'2007-12-01 19:54:10'),(11,3,4,'2007-12-01 19:54:15'),(12,2,3,'2007-12-01 20:00:29'),(13,8,4,'2007-12-02 07:28:57'),(14,8,3,'2007-12-03 10:16:31'),(15,9,3,'2007-12-03 15:30:04'),(16,10,3,'2007-12-04 07:44:07'),(17,10,2,'2007-12-04 07:45:00'),(18,11,3,'2007-12-09 15:52:31'),(19,11,5,'2007-12-09 15:56:26'),(20,7,5,'2007-12-09 15:56:50'),(21,6,5,'2007-12-09 15:57:03'),(22,11,4,'2007-12-09 15:58:06'),(23,13,3,'2007-12-12 09:06:40'),(24,12,8,'2007-12-13 20:29:46'),(25,13,8,'2007-12-13 20:29:47'),(26,9,8,'2007-12-13 20:29:51'),(27,13,7,'2007-12-13 20:30:40'),(28,11,7,'2007-12-13 20:30:51'),(29,7,7,'2007-12-13 20:31:05'),(30,1,7,'2007-12-13 20:31:09'),(31,9,7,'2007-12-13 20:31:14'),(32,12,3,'2007-12-13 20:32:04'),(33,16,3,'2007-12-15 15:59:57'),(34,14,3,'2007-12-15 15:59:58'),(35,19,3,'2007-12-16 17:37:31'),(36,14,8,'2007-12-16 17:38:25'),(37,16,8,'2007-12-16 17:38:31'),(38,19,8,'2007-12-16 17:38:35'),(39,6,8,'2007-12-16 17:38:46'),(40,19,5,'2007-12-16 17:39:30'),(41,17,5,'2007-12-16 17:39:41'),(42,14,5,'2007-12-16 17:39:46'),(43,19,7,'2007-12-16 17:40:19'),(44,16,7,'2007-12-16 17:40:30'),(45,19,4,'2007-12-16 17:41:30'),(46,16,4,'2007-12-16 17:41:37'),(47,21,2,'2007-12-19 12:35:41'),(48,21,3,'2007-12-19 21:04:41'),(49,21,4,'2007-12-19 21:05:21'),(50,20,4,'2007-12-19 21:05:23'),(51,21,5,'2007-12-19 21:06:08'),(52,20,5,'2007-12-19 21:06:11'),(53,21,7,'2007-12-19 21:06:46'),(54,12,7,'2007-12-19 21:06:57'),(55,21,8,'2007-12-19 21:07:29'),(56,18,8,'2007-12-19 21:07:36'),(57,21,9,'2007-12-19 21:11:02'),(58,7,9,'2007-12-19 21:11:11'),(59,16,9,'2007-12-19 21:11:31'),(60,13,9,'2007-12-19 21:11:34'),(61,22,3,'2007-12-22 23:41:50'),(62,22,5,'2007-12-22 23:42:24'),(63,22,7,'2007-12-22 23:43:10'),(64,22,8,'2007-12-22 23:43:44'),(65,22,9,'2007-12-22 23:44:23'),(66,22,4,'2007-12-22 23:45:35'),(67,16,10,'2007-12-22 23:54:05'),(68,22,10,'2007-12-22 23:54:12'),(69,12,10,'2007-12-22 23:54:34'),(70,1,10,'2007-12-22 23:54:46'),(71,6,10,'2007-12-22 23:54:55'),(72,13,10,'2007-12-22 23:54:58'),(73,7,10,'2007-12-22 23:55:18'),(74,21,10,'2007-12-22 23:55:28'),(75,23,3,'2007-12-27 12:09:35'),(76,23,5,'2007-12-27 12:10:12'),(77,23,4,'2007-12-27 12:10:43'),(78,23,7,'2007-12-27 12:11:08'),(79,23,8,'2007-12-27 12:11:38'),(80,23,9,'2007-12-27 12:12:14'),(81,23,10,'2007-12-27 12:12:48'),(82,23,11,'2007-12-27 12:16:35'),(83,25,11,'2007-12-27 12:32:26'),(84,24,3,'2007-12-27 12:32:45'),(85,25,3,'2007-12-27 12:32:51'),(86,23,2,'2007-12-27 12:39:24'),(87,7,11,'2007-12-27 12:54:25'),(88,22,11,'2007-12-27 12:54:32'),(89,26,11,'2007-12-27 12:54:58'),(90,26,10,'2007-12-27 12:56:55'),(91,27,7,'2007-12-28 10:17:05'),(92,27,5,'2007-12-29 08:55:08'),(93,26,5,'2007-12-29 08:55:15'),(94,24,5,'2007-12-29 08:56:04'),(95,27,4,'2007-12-29 09:10:34'),(96,27,8,'2007-12-29 09:11:24'),(97,25,8,'2007-12-29 09:11:29'),(98,24,8,'2007-12-29 09:11:32'),(99,27,9,'2007-12-29 09:11:54'),(100,27,10,'2007-12-29 09:12:29'),(101,27,11,'2007-12-29 09:13:06'),(102,27,3,'2007-12-29 09:13:50'),(103,26,3,'2007-12-29 09:13:54'),(104,27,12,'2008-01-01 14:08:25'),(105,25,12,'2008-01-01 14:08:45'),(106,24,12,'2008-01-01 14:08:47'),(107,3,12,'2008-01-01 14:09:38'),(108,6,12,'2008-01-01 14:09:44'),(109,23,12,'2008-01-01 14:09:58'),(110,22,12,'2008-01-01 14:10:15'),(111,24,2,'2008-01-01 20:43:05'),(112,29,2,'2008-01-02 20:07:27'),(113,28,2,'2008-01-02 20:07:29'),(114,27,2,'2008-01-02 20:07:32'),(115,22,2,'2008-01-02 20:08:00'),(116,17,2,'2008-01-02 21:25:25'),(117,18,2,'2008-01-02 21:25:29'),(118,16,2,'2008-01-03 12:29:36'),(119,9,2,'2008-01-03 12:29:38'),(120,20,2,'2008-01-03 12:29:42'),(121,30,2,'2008-01-03 19:01:19'),(122,31,2,'2008-01-03 21:12:33'),(123,31,12,'2008-01-03 22:30:08'),(124,30,12,'2008-01-03 22:30:11'),(125,29,12,'2008-01-03 22:30:12'),(126,31,5,'2008-01-03 22:30:47'),(127,31,8,'2008-01-03 22:31:19'),(128,31,9,'2008-01-03 22:35:03'),(129,31,3,'2008-01-03 22:40:47'),(130,31,4,'2008-01-03 22:41:15'),(131,32,4,'2008-01-03 22:46:54'),(132,32,8,'2008-01-03 22:48:25'),(133,32,2,'2008-01-04 08:06:44'),(134,33,2,'2008-01-04 11:42:07'),(135,34,2,'2008-01-04 12:18:36'),(136,35,2,'2008-01-06 21:01:39'),(137,34,5,'2008-01-07 13:30:23'),(138,33,5,'2008-01-07 13:30:27'),(139,32,5,'2008-01-07 13:30:28'),(140,35,5,'2008-01-07 13:30:30'),(141,36,2,'2008-01-08 14:05:05'),(142,37,13,'2008-01-14 08:30:50'),(143,35,13,'2008-01-14 08:30:53'),(144,34,13,'2008-01-14 08:30:57'),(145,22,13,'2008-01-14 08:31:27'),(146,37,2,'2008-01-16 10:15:09'),(147,19,2,'2008-01-16 10:16:02'),(148,38,2,'2008-01-16 11:20:51'),(149,38,12,'2008-01-20 07:23:43'),(150,36,12,'2008-01-20 07:23:45'),(151,35,12,'2008-01-20 07:23:47'),(152,34,12,'2008-01-20 07:23:51'),(153,37,12,'2008-01-20 07:23:51'),(154,7,12,'2008-01-20 07:24:07'),(155,38,13,'2008-01-20 07:25:06'),(156,36,13,'2008-01-20 07:25:13'),(157,38,11,'2008-01-20 07:25:47'),(158,37,11,'2008-01-20 07:25:53'),(159,38,10,'2008-01-20 07:26:33'),(160,36,10,'2008-01-20 07:26:40'),(161,35,10,'2008-01-20 07:26:42'),(162,34,10,'2008-01-20 07:26:44'),(163,38,9,'2008-01-20 07:27:34'),(164,37,9,'2008-01-20 07:27:35'),(165,36,9,'2008-01-20 07:27:38'),(166,34,9,'2008-01-20 07:27:43'),(167,38,8,'2008-01-20 07:28:25'),(168,37,8,'2008-01-20 07:28:31'),(169,36,8,'2008-01-20 07:28:31'),(170,34,8,'2008-01-20 07:28:37'),(171,38,7,'2008-01-20 07:29:26'),(172,37,7,'2008-01-20 07:29:27'),(173,36,7,'2008-01-20 07:29:30'),(174,34,7,'2008-01-20 07:29:32'),(175,38,5,'2008-01-20 07:30:14'),(176,36,5,'2008-01-20 07:30:20'),(177,37,5,'2008-01-20 07:30:23'),(178,38,4,'2008-01-20 07:31:09'),(179,34,4,'2008-01-20 07:31:16'),(180,36,4,'2008-01-20 07:31:17'),(181,38,3,'2008-01-20 07:31:58'),(182,34,3,'2008-01-20 07:32:06'),(183,36,3,'2008-01-20 07:32:29'),(184,37,3,'2008-01-20 07:32:36'),(185,39,3,'2008-01-21 17:19:36'),(186,38,14,'2008-01-21 17:22:22'),(187,39,14,'2008-01-21 17:22:26'),(188,39,13,'2008-01-21 17:22:55'),(189,39,12,'2008-01-21 17:23:18'),(190,39,11,'2008-01-21 17:23:53'),(191,39,10,'2008-01-21 17:24:38'),(192,39,9,'2008-01-21 17:25:12'),(193,39,8,'2008-01-21 17:25:57'),(194,39,7,'2008-01-21 17:27:24'),(195,39,5,'2008-01-21 17:27:54'),(196,39,4,'2008-01-21 17:28:22'),(197,39,15,'2008-01-21 17:31:53'),(198,37,15,'2008-01-21 17:32:00'),(199,22,15,'2008-01-21 18:06:32'),(200,36,15,'2008-01-21 18:06:49'),(201,39,2,'2008-01-21 21:25:55'),(202,40,2,'2008-01-21 23:23:59'),(203,41,2,'2008-01-26 23:49:39'),(204,41,16,'2008-01-31 22:51:40'),(205,40,16,'2008-01-31 22:51:42'),(206,39,16,'2008-01-31 22:51:46'),(207,41,17,'2008-01-31 22:57:12'),(208,40,17,'2008-01-31 22:57:20'),(209,22,17,'2008-01-31 22:57:37'),(210,41,18,'2008-01-31 23:00:38'),(211,37,18,'2008-01-31 23:02:19'),(212,42,2,'2008-02-01 11:57:30'),(213,43,18,'2008-02-01 23:27:36'),(214,42,18,'2008-02-01 23:27:40'),(215,40,18,'2008-02-01 23:27:43'),(216,43,2,'2008-02-03 22:05:58'),(217,44,2,'2008-02-03 23:04:26'),(218,45,2,'2008-02-06 10:08:51'),(219,46,3,'2008-02-06 21:06:20'),(220,45,3,'2008-02-07 14:14:19'),(221,41,3,'2008-02-07 14:14:38'),(222,35,3,'2008-02-07 14:14:41'),(223,32,3,'2008-02-07 14:14:44'),(224,46,18,'2008-02-07 22:19:19'),(225,47,2,'2008-02-17 14:32:08'),(226,47,18,'2008-02-20 09:13:02'),(227,47,14,'2008-02-20 09:17:00'),(228,47,3,'2008-02-24 14:06:01'),(229,43,3,'2008-02-24 14:06:06'),(230,48,2,'2008-02-24 21:30:52'),(231,48,3,'2008-02-24 23:53:32'),(232,48,17,'2008-02-25 01:10:43'),(233,48,5,'2008-02-25 01:11:19'),(234,46,5,'2008-02-25 01:11:23'),(235,48,4,'2008-02-25 01:11:48'),(236,48,7,'2008-02-25 01:12:27'),(237,48,8,'2008-02-25 01:13:10'),(238,48,10,'2008-02-25 01:13:45'),(239,48,11,'2008-02-25 01:14:19'),(240,46,11,'2008-02-25 01:14:22'),(241,48,12,'2008-02-25 01:14:57'),(242,44,12,'2008-02-25 01:15:05'),(243,48,13,'2008-02-25 01:15:32'),(244,48,15,'2008-02-25 01:16:03'),(245,48,16,'2008-02-25 01:16:37'),(246,48,18,'2008-02-25 01:17:19'),(247,22,18,'2008-02-25 01:17:56'),(248,48,19,'2008-02-25 01:21:45'),(249,47,19,'2008-02-25 01:22:12'),(250,38,19,'2008-02-25 01:22:28'),(251,49,2,'2008-02-27 21:39:31'),(252,49,3,'2008-02-28 23:35:59'),(253,49,8,'2008-02-28 23:36:50'),(254,50,12,'2008-02-28 23:43:14'),(255,50,10,'2008-02-28 23:45:44'),(256,49,10,'2008-02-28 23:45:46'),(257,50,7,'2008-02-28 23:47:38'),(258,49,7,'2008-02-28 23:47:41'),(259,46,7,'2008-02-28 23:47:47'),(260,50,11,'2008-02-28 23:50:17'),(261,49,11,'2008-02-28 23:50:21'),(262,50,13,'2008-02-28 23:52:07'),(263,49,13,'2008-02-28 23:53:29'),(264,50,17,'2008-02-28 23:55:14'),(265,47,17,'2008-02-28 23:55:16'),(266,49,17,'2008-02-28 23:55:23'),(267,46,17,'2008-02-28 23:56:41'),(268,42,17,'2008-02-28 23:56:50'),(269,38,17,'2008-02-28 23:57:00'),(270,36,17,'2008-02-28 23:57:10'),(271,39,17,'2008-02-28 23:57:21'),(272,50,2,'2008-02-29 08:23:36'),(273,51,2,'2008-03-02 21:44:12'),(274,52,2,'2008-03-04 14:28:05'),(275,51,18,'2008-03-07 23:32:45'),(276,52,18,'2008-03-07 23:32:51'),(277,52,3,'2008-03-07 23:47:50'),(278,51,3,'2008-03-08 00:02:20'),(279,50,3,'2008-03-08 00:02:23'),(280,52,17,'2008-03-08 00:02:58'),(281,51,17,'2008-03-08 00:03:02'),(282,53,2,'2008-03-08 14:46:07'),(283,53,17,'2008-03-09 17:43:50'),(284,52,10,'2008-03-09 17:50:54'),(285,51,10,'2008-03-09 17:50:56'),(286,53,10,'2008-03-09 17:50:58'),(287,53,12,'2008-03-09 17:55:31'),(288,52,12,'2008-03-09 17:55:33'),(289,51,12,'2008-03-09 17:55:35'),(290,54,3,'2008-03-10 07:23:55'),(291,54,2,'2008-03-10 08:46:42'),(292,55,2,'2008-03-17 00:34:51'),(293,56,2,'2008-03-20 23:25:04'),(294,56,19,'2008-04-05 21:20:34'),(295,55,19,'2008-04-05 21:20:35'),(296,54,19,'2008-04-05 21:20:37'),(297,53,19,'2008-04-05 21:20:38'),(298,52,19,'2008-04-05 21:21:24'),(299,56,20,'2008-04-05 21:22:57'),(300,55,20,'2008-04-05 21:22:58'),(301,54,20,'2008-04-05 21:23:00'),(302,53,20,'2008-04-05 21:23:02'),(303,56,21,'2008-04-05 21:27:36'),(304,55,21,'2008-04-05 21:27:37'),(305,54,21,'2008-04-05 21:27:38'),(306,57,21,'2008-04-05 21:34:36'),(307,53,21,'2008-04-05 21:34:46'),(308,57,22,'2008-04-05 21:36:17'),(309,57,23,'2008-04-05 21:38:54'),(310,56,23,'2008-04-05 21:38:58'),(311,58,23,'2008-04-05 21:41:45'),(312,55,23,'2008-04-05 21:41:48'),(313,56,4,'2008-04-05 21:43:27'),(314,57,4,'2008-04-05 21:43:30'),(315,58,4,'2008-04-05 21:43:32'),(316,55,4,'2008-04-05 21:43:34'),(317,57,5,'2008-04-05 21:44:25'),(318,58,5,'2008-04-05 21:44:26'),(319,56,5,'2008-04-05 21:44:27'),(320,58,7,'2008-04-05 21:45:47'),(321,57,7,'2008-04-05 21:45:47'),(322,56,7,'2008-04-05 21:45:49'),(323,57,8,'2008-04-05 21:46:30'),(324,58,8,'2008-04-05 21:46:32'),(325,56,8,'2008-04-05 21:46:34'),(326,57,9,'2008-04-05 21:47:17'),(327,58,9,'2008-04-05 21:47:19'),(328,56,9,'2008-04-05 21:47:21'),(329,55,9,'2008-04-05 21:47:22'),(330,54,9,'2008-04-05 21:47:24'),(331,57,10,'2008-04-05 21:48:47'),(332,58,10,'2008-04-05 21:48:49'),(333,56,10,'2008-04-05 21:48:51'),(334,57,11,'2008-04-05 21:49:41'),(335,56,11,'2008-04-05 21:49:42'),(336,58,11,'2008-04-05 21:49:44'),(337,58,12,'2008-04-05 21:50:36'),(338,57,12,'2008-04-05 21:50:37'),(339,57,13,'2008-04-05 21:51:28'),(340,58,13,'2008-04-05 21:51:30'),(341,56,13,'2008-04-05 21:51:31'),(342,57,14,'2008-04-05 21:52:50'),(343,58,14,'2008-04-05 21:52:53'),(344,57,15,'2008-04-05 21:53:24'),(345,58,15,'2008-04-05 21:53:26'),(346,57,16,'2008-04-05 21:54:10'),(347,58,16,'2008-04-05 21:54:13'),(348,57,17,'2008-04-05 21:54:41'),(349,58,17,'2008-04-05 21:54:44'),(350,57,18,'2008-04-05 21:55:29'),(351,58,18,'2008-04-05 21:55:31'),(352,57,19,'2008-04-05 21:56:08'),(353,58,19,'2008-04-05 21:56:09'),(354,58,2,'2008-04-07 08:41:52'),(355,57,2,'2008-04-07 08:41:55'),(356,59,2,'2008-04-07 10:04:11'),(357,46,2,'2008-04-23 15:04:50'),(358,60,2,'2008-04-23 16:21:49'),(359,60,24,'2008-04-24 09:17:13'),(360,59,24,'2008-04-24 09:17:14'),(361,58,24,'2008-04-24 09:17:15'),(362,57,24,'2008-04-24 09:17:16'),(363,56,24,'2008-04-24 09:17:17'),(364,48,24,'2008-04-24 09:17:26'),(365,39,24,'2008-04-24 09:17:28'),(366,4,24,'2008-04-24 09:17:34'),(367,28,24,'2008-04-24 09:17:34'),(368,2,24,'2008-04-24 09:17:36'),(369,3,24,'2008-04-24 09:17:37'),(370,60,25,'2008-04-24 09:19:02'),(371,59,25,'2008-04-24 09:19:03'),(372,58,25,'2008-04-24 09:19:04'),(373,57,25,'2008-04-24 09:19:06'),(374,48,25,'2008-04-24 09:19:14'),(375,47,25,'2008-04-24 09:19:15'),(376,61,25,'2008-04-24 09:26:53'),(377,61,3,'2008-04-24 12:31:30'),(378,60,3,'2008-04-24 12:31:32'),(379,59,3,'2008-04-24 12:31:33'),(380,58,3,'2008-04-24 12:31:35'),(381,57,3,'2008-04-24 12:31:36'),(382,61,4,'2008-04-24 12:33:55'),(383,60,4,'2008-04-24 12:33:58'),(384,59,4,'2008-04-24 12:34:04'),(385,61,5,'2008-04-24 12:34:29'),(386,61,7,'2008-04-24 12:35:00'),(387,61,8,'2008-04-24 12:35:46'),(388,61,9,'2008-04-24 12:36:49'),(389,61,10,'2008-04-24 12:37:21'),(390,60,10,'2008-04-24 12:37:22'),(391,61,11,'2008-04-24 12:37:47'),(392,61,12,'2008-04-24 12:38:20'),(393,61,13,'2008-04-24 12:38:44'),(394,61,14,'2008-04-24 12:39:14'),(395,60,14,'2008-04-24 12:39:16'),(396,61,15,'2008-04-24 12:39:44'),(397,59,15,'2008-04-24 12:39:48'),(398,61,16,'2008-04-24 12:40:24'),(399,61,17,'2008-04-24 12:40:47'),(400,61,18,'2008-04-24 12:48:18'),(401,61,19,'2008-04-24 12:48:55'),(402,61,20,'2008-04-24 12:49:30'),(403,60,20,'2008-04-24 12:49:32'),(404,61,21,'2008-04-24 12:50:00'),(405,61,24,'2008-04-24 12:53:59'),(406,61,22,'2008-04-24 12:54:37'),(407,60,22,'2008-04-24 12:54:39'),(408,61,23,'2008-04-24 12:55:16'),(409,61,26,'2008-04-24 12:59:22'),(410,60,26,'2008-04-24 12:59:24'),(411,62,26,'2008-04-24 13:04:32'),(412,62,4,'2008-04-24 13:05:12'),(413,62,18,'2008-04-24 13:05:43'),(414,62,21,'2008-04-24 13:06:06'),(415,61,2,'2008-04-24 19:00:40');
UNLOCK TABLES;
/*!40000 ALTER TABLE `synopsis_election` ENABLE KEYS */;

--
-- Table structure for table `synopsis_synopsis`
--

DROP TABLE IF EXISTS `synopsis_synopsis`;
CREATE TABLE `synopsis_synopsis` (
  `id` int(11) NOT NULL auto_increment,
  `title` varchar(50) NOT NULL,
  `permalink` varchar(100) NOT NULL,
  `text` varchar(5000) NOT NULL,
  `article_site_url` varchar(500) NOT NULL,
  `article_url` varchar(500) NOT NULL,
  `pub_date` datetime NOT NULL,
  `updated_date` datetime default NULL,
  `author_id` int(11) NOT NULL,
  `score` int(11) NOT NULL,
  PRIMARY KEY  (`id`),
  KEY `synopsis_synopsis_author_id` (`author_id`)
) ENGINE=MyISAM DEFAULT CHARSET=latin1;

--
-- Dumping data for table `synopsis_synopsis`
--


/*!40000 ALTER TABLE `synopsis_synopsis` DISABLE KEYS */;
LOCK TABLES `synopsis_synopsis` WRITE;
INSERT INTO `synopsis_synopsis` VALUES (1,'New Stem Cell Method Could Ease Ethical Concerns','www_nytimes_com_New_Stem_Cell_Method_Could_Ease_Ethical_Concerns','Two independent teams, from Japan and Wisconsin, turned human skin cells into what appear to be embryonic stem cells without having to make or destroy an embryo. Their method also creates stem cells that genetically match the donor without having to resort to the controversial step of cloning. If stem cells are used to make replacement cells and tissues for patients, it would be invaluable to have genetically matched cells because they would not be rejected by the immune system. Even more important, scientists say, is that genetically matched cells from patients will enable them to study complex diseases, like Alzheimers, in the lab.  The reprogrammed cells, the scientists report, appear to behave exactly like human embryonic stem cells.\r\n\r\nThe new discovery is being published online today in Cell, in a paper by Shinya Yamanaka of Kyoto University and the Gladstone Institute for Cardiovascular Disease in San Francisco, and in Science, in a paper by James Thomson and his colleagues at the University of Wisconsin.','http://www.nytimes.com','http://www.nytimes.com/2007/11/21/science/21stem.html','2007-11-21 06:45:33',NULL,3,4),(2,'German court says no contract for IPhone','www_nytimes_com_German_court_says_no_contract_for_IPhone','A German court ruled that T-Mobile must offer the iPhone to everyone, even without the 24-month contract that it had required for buyers of the phone, which went on sale in Germany.\r\n\r\nT-Mobiles position is that tying a mobile phone to a contract with one provider is rare but not new in Germany, while Vodafone argues that all mobile phones sold there should be available for use with any provider. T-Mobile insisted that iPhone sales would continue uninterrupted, but warned that it reserved the right to seek damages from Vodafone.\r\n\r\nApple has announced sales plans for only the three largest European markets, restrictions on whether carriers can tie or subsidize phones also exist in several other Continental countries, including Belgium, Italy and Finland.','http://www.nytimes.com','http://www.nytimes.com/2007/11/21/technology/21iphone.html','2007-11-21 09:57:41',NULL,3,3),(3,'California DMV goes social','www_nytimes_com_California_DMV_goes_social','The California Department of Motor Vehicles has 55 videos running on the online video site YouTube that they feel will make roads a better place to travel, or at the very least, help new drivers to embrace the logic of a traffic circle.\r\n\r\nThese videos are supplemented by the departments page on MySpace.com, which is meant to pull in drivers of all ages with driving tips and traffic trivia.','http://www.nytimes.com','http://www.nytimes.com/2007/11/22/us/22dmv.html','2007-11-22 09:04:24',NULL,3,3),(4,'Railroading A Journalist In Iraq','www_washingtonpost_com_Railroading_A_Journalist_In_Iraq','Associated Press photographer Bilal Hussein has been imprisoned by the U.S. military in Iraq since he was picked up April 12, 2006, in Ramadi, a violent town in a turbulent province where few Western journalists dared go. The military claimed then that he had suspicious links to insurgents. This week, editorandpublisher.com magazine reported the military has amended that to say he is, in fact, a \"terrorist\" who had \"infiltrated the AP.\"\r\n\r\nIn the 19 months since he was picked up, Bilal has not been charged with any crime, although the military has sent out a flurry of ever-changing claims. Every claim we\'ve checked out has proved to be false, overblown or microscopic in significance. Now, suddenly, the military plans to seek a criminal case against Bilal in the Iraqi court system in just days. But the military won\'t tell us what the charges are, what evidence it will be submitting or even when the hearing will be held.','http://www.washingtonpost.com','http://www.washingtonpost.com/wp-dyn/content/article/2007/11/23/AR2007112301208.html','2007-11-25 19:57:21',NULL,3,2),(5,'Reducing the foot of Python applications','wingolog_org_Reducing_the_foot_of_Python_applications','Optimization must start with accurate benchmarks, to know how much you are improving things (or not), and to know when you can stop. The best commonly-deployed measurement available on Linux systems is the \"/proc/*/smaps\":http://bmaurer.blogspot.com/2006/03/memory-usage-with-smaps.html data.\r\n\r\nWhen developing an application that integrates with the rest of your system, the important statistic to get is the amount of writable memory. Writable memory is necessarily local to your process, representing an amount of data that \"occupies space\" on your system.\r\n\r\nh3. Lessons\r\n\r\n# \"Pysizer\":http://pysizer.8325.org/ is useful for detecting what objects are being leaked\r\n# Avoid __del__ and reference cycles, and monitor gc.garbage\r\n# \"Strace\":http://www.redhat.com/magazine/010aug05/features/strace/ tells you what crack things youre doing\r\n# \"Massif\":http://valgrind.org/docs/manual/ms-manual.html interesting, but misleading as to your total footprint\r\n# Writable memory numbers are the most important\r\n# CPythons memory footprint is terrible; not only is all code stored in private dirty memory, all code and data that is used is written to when twiddling refcounts\r\n# 64-bit python processes use about twice the memory as 32-bit\r\n# Reducing number of linked libraries often helps, but not always\r\n\r\n\r\n','http://wingolog.org','http://wingolog.org/archives/2007/11/27/reducing-the-footprint-of-python-applications','2007-11-27 18:06:37',NULL,3,2),(6,'How the Peace Movement Can Win','www_thenation_com_How_the_Peace_Movement_Can_Win','The Republicans, led by George W. Bush, Rudy Giuliani and their hard-core \"neoconservative\":http://en.wikipedia.org/wiki/Neoconservatism hit squads, have spent millions on television messages supporting the military surge in Iraq. They mounted a major campaign to demonize \"MoveOn.org\":http://moveon.org in order to derail the group\'s proven ability to raise funds for antiwar messages and Democratic candidates. During the election year, pro-war Republicans are poised to promote staying the course in Iraq while threatening or even instigating a war on Iran. The Democrats will have to respond with more than an echo.\r\n\r\nBut at this point the leading Democratic contenders are reluctant to say they would pull out all the troops from a war they claim to oppose. In sharp contrast to Republicans, Democrats at least support withdrawing most or all American combat troops on a twelve- to eighteen-month deadline. Asked for exact timelines, however, the top contenders indicate that they would put off the withdrawal of all troops until sometime in their second term. The platform of \"out by 2013\" may be a sufficient difference from the Republicans for some, but it won\'t satisfy the most committed antiwar voters.\r\n\r\nPeace advocates will likely have the best-funded antiwar message in history during the coming election year. Tens of millions of dollars will be raised for voter education and registration and get-out-the-vote campaigns through the 527 committees, which disseminate election messages independent of partisan candidates. The Democrats defaulted on their opportunity to use these independent committees for a peace message in 2004, when they muted and muddled their antiwar position. But this time they will have to contend with the frustration of millions of antiwar voters, and their nominee will be pledged, in rhetoric at least, to end the war.\r\n\r\nThe coming war is a political one, to be fought at home. There will be a yearlong showdown that will determine the presidency and the climate of opinion. If the Republicans succeed in electing the next President, the Iraq War will continue and probably expand. If they lose the presidency, they are already positioning themselves to charge the Democrats with \"losing\" Iraq and ride that theme to a comeback in 2012.','http://www.thenation.com','http://www.thenation.com/doc/20071217/hayden','2007-12-01 09:29:35',NULL,3,6),(7,'Guns Beat Green','www_thenation_com_Guns_Beat_Green','If you are looking for a sure bet in a new growth market, sell solar, buy surveillance; forget wind, buy weapons.\r\n\r\nThe Bush Administration, still roadblocking firm caps on emissions, wants to let the market solve the crisis. \"We\'re on the threshold of dramatic technological breakthroughs,\" Bush assured the world last January, adding, \"We\'ll leave it to the market to decide the mix of fuels that most effectively and efficiently meet this goal.\"\r\n\r\nThe idea that capitalism can save us from climate catastrophe has powerful appeal. It gives politicians an excuse to subsidize corporations rather than regulate them, and it neatly avoids a discussion about how the core market logic of endless growth landed us here in the first place.\r\n\r\nThe market, however, appears to have other ideas about how to meet the challenges of an increasingly disaster-prone world. According to Lloyd, despite all the government incentives, the really big money is turning away from clean energy technologies and banking instead on gadgets promising to seal wealthy countries and individuals into high-tech fortresses. Key growth areas in venture capitalism are private security firms selling surveillance gear and privatized emergency response. Put simply, in the world of venture capitalism, there has been a race going on between greens on the one hand and guns and garrisons on the other--and the guns are winning. ','http://www.thenation.com','http://www.thenation.com/doc/20071217/klein','2007-12-01 19:52:04',NULL,4,8),(8,'Google Reveals 2008 Plans For Google Apps','www_yoursearchadvisor_com_Google_Reveals_2008_Plans_For_Google_Apps','Google Apps presentation in Ann Arbor last night. The event was hosted by Google in coordination with The Ann Arbor Chamber of Commerce at the Boardwalk Creative Center. The presentation was basically an intro to the suite of productivity services as well as a pitch to larger organizations to take advantage of the Premier Edition.\r\n\r\n\"JotSpot\":http://www.jot.com/ was recently acquired by Google. Scott Johnston the former VP of Product Development and new googler walked the group through the rationale for the acquisition, which fits in nicely with Googles mission to \"Organize the world\'s information and make it universally accessible and useful\".','http://www.yoursearchadvisor.com','http://www.yoursearchadvisor.com/blog/google-apps-presentation-ann-arbor','2007-12-02 07:27:47',NULL,4,2),(9,'Chimps outperform college students in memory test','abcnews_go_com_Chimps_outperform_college_students_in_memory_test','\"Tetsuro Matsuzawa\":http://www.pri.kyoto-u.ac.jp/koudou-shinkei/shikou/staff/matsuzaw/index.html was surprised to discover that young chimps at the age of five can outperform humans in a memory task. Of particular skill was a chimp named Ayumu, who went up against nine college students in a memory task that test its subjects\' ability to recall the ordering of five Arabic numerals which briefly flashed on a screen. Chimp and humans performed equally well when the numbers flashed for seven-tenths of a second. When the numbers flashed for a mere four-tenths or two-tenths of a second, the chimp was still correct 80 percent of the time, while the humans\' performance had degraded to 40 percent. Matsuzawa attributes his chimps\' success to two factors: (1) human brains had to make room for gaining language abilities, and (2) the young age of the chimps. \"Elizabeth Lonsdorf\":http://www.lpzoo.org/conservation/who_we_are/lonsdorf.php, who did not participate in the study, wondered if Ayumu would fare as well against little kids.','http://abcnews.go.com','http://abcnews.go.com/Health/wireStory?id=3944729','2007-12-03 15:26:47',NULL,2,4),(10,'McMansions Meet the Mortgage Crisis','www_thenation_com_McMansions_Meet_the_Mortgage_Crisis','America\'s gated communities have been blighted by foreclosures.  Newsweek reports that foreclosures are devastating the gated community of Black Mountain Vista in Henderson NV, where \"yellow patches [now] blot the spartan lawns and phone books lie on front porches, their covers bleached from weeks under the desert sun.\" Similarly, according to the Orlando Sentinel, \"countless homeowners overwhelmed by their mortgages are taking off and leaving behind algae-filled swimming pools and knee-high weeds\" in one local gated community.\r\n\r\nIn addition, at the annual meeting of the \"American Anthropological Association\":http://www.aaanet.org/ in Washington last week, incoming association president \"Setha M. Lowe\":http://www.nyas.org/ebriefreps/main.asp?intEBriefID=278, explained that gated communities are no less crime-prone than open ones, and Gopal Ahluwalia, senior vice president of research at the \"National Association of Home Builders\":http://www.nahb.org/, confirms this: \"There are studies indicating that there are no differences in the crime in gated communities and non-gated communities.\" ','http://www.thenation.com','http://www.thenation.com/doc/20071217/ehrenreich','2007-12-04 06:23:32',NULL,3,2),(11,'Huckabee in 1992 wanted to isolate AIDS patients','news_yahoo_com_Huckabee_in_1992_wanted_to_isolate_AIDS_patients','\"If the federal government is truly serious about doing something with the AIDS virus, we need to take steps that would isolate the carriers of this plague,\" Huckabee wrote.\r\n\r\nAs a candidate for a U.S. Senate seat in 1992, Huckabee answered 229 questions submitted to him by The Associated Press.\r\n\r\nHuckabee also stated, \"I feel homosexuality is an aberrant, unnatural, and sinful lifestyle, and we now know it can pose a dangerous public health risk.\"\r\n\r\nMike Huckabee which is a Rebublic presidential candidate this year, as changed his view, he now supports increased federal funding for AIDS research.','http://news.yahoo.com','http://news.yahoo.com/s/ap/20071208/ap_on_el_pr/huckabee_aids;_ylt=AvnZSkhUNUWBUCLBEQ9Tqwes0NUE','2007-12-08 13:40:02',NULL,4,4),(12,'Mars rover finds signs of microbial life','www_telegraph_co_uk_Mars_rover_finds_signs_of_microbial_life','Mars rover Spirit has discovered \"the best evidence yet\" of a past habitable environment on the planet\'s surface, according to \"NASA\":http://www.nasa.gov/.\r\n\r\n\"The evidence is pointing most strongly toward fumarolic conditions, like you might see in Hawaii and in Iceland, say researchers.\r\n\r\nThey believe the deposits came from an ancient hot-spring environment or an environment called a \"fumarole\":http://en.wikipedia.org/wiki/Fumarole, in which acidic steam rises through cracks.','http://www.telegraph.co.uk','http://www.telegraph.co.uk/news/main.jhtml?xml=/news/2007/12/11/wmars111.xml','2007-12-11 18:56:23',NULL,3,4),(13,'Patriot Act Loses Appeal','www_cbsnews_com_Patriot_Act_Loses_Appeal','Judge, Audrey Collins, of the federal appeals court ruled that some portions of the U.S. Patriot Act that govern dealings with foreign terrorist organizations are unconstitutional because the language is too vague to be understood by an ordinary person. \r\n\r\nCollins said language in the Patriot Act was vague on matters involving training, expert advice or assistance, personnel and service to foreign terrorist organizations. ','http://www.cbsnews.com','http://www.cbsnews.com/stories/2007/12/11/national/main3605881.shtml','2007-12-11 19:46:36',NULL,5,5),(14,' Japan scientists develop fearless mice','news_yahoo_com_Japan_scientists_develop_fearless_mice','Scientists at Tokyo University say they were able to successfully switch off a mouse\'s instinct to cower at the smell or presence of cats  showing that fear is genetically hardwired and not learned through experience, as commonly believed.\r\n\r\nJapanese scientists say they\'ve used genetic engineering to create mice that show no fear of felines, a development that may shed new light on mammal behavior and the nature of fear itself.\r\n\r\nResearch team leader Ko Kobayakawa, said his findings, published in the science magazine \"Nature\":http://www.nature.com/index.html last month, should help researchers shed further light on how the brain processes information about the outside world.','http://news.yahoo.com','http://news.yahoo.com/s/ap/20071214/ap_on_sc/japan_fearless_mouse','2007-12-13 20:38:47',NULL,8,3),(16,'Classmates IPO canceled','www_marketwatch_com_Classmates_IPO_canceled','Citing weak market conditions, \"United Online\":http://www.unitedonline.net cancels the IPO of \"Classmates Media Corp.\":http://www.classmatesmedia.com, which operates the social networking site \"Classmates.com\":http://www.classmates.com. Classmates filed their Form S-1 in mid-August. In that same month, \"VMware\":http://www.vmware.com launched their IPO and saw its share price shot up more than 75% in the first day of trading. But the market for new tech issues has cooled since then. Thomson Financial data indicates that only eight tech companies have executed IPOs in the U.S. this quarter. John Fitzgibbon of \"IPOScoop.com\":http://www.iposcoop.com sees the volatility of the stock market of late \"taking some of the froth out of [the IPO market].\" Analysts also speculated that Classmates.com\'s size relative to others in the social networking space may have attributed to its IPO demise. The decision to withdraw Classmates\' IPO will cost its parent company, United Online, between $4.5 and $5.5 million in the fourth quarter.','http://www.marketwatch.com','http://www.marketwatch.com/news/story/classmates-ipo-canceled-appetite-tech/story.aspx?guid=%7BE35FA39F%2DCA70%2D4119%2D9B67%2DB7D87AF7FC9D%7D','2007-12-14 13:35:39','2007-12-16 10:22:24',2,7),(17,'Faith factor in Republican presidential race','www_foxnews_com_Faith_factor_in_Republican_presidential_race','Former White House Press Secretary, Tony Snow, and \"Bill O\'Reilly\":http://www.foxnews.com/oreilly/index.html discuss the recent talk about religion in the Republican presidential race. The segment began with the \"video clip of Joseph Dearing in the CNN and YouTube Republican Debate\":http://youtube.com/watch?v=RF-nMaYq3QE in which he asked, \"Do you believe every word of this book?\", before holding up a bible to the camera. Then O\'Reilly mentions Mike Huckabee appearing on the cover of \"Newsweek\":http://www.newsweek.com with his hands folded. Snow believes \"[the left] is trying to mock religion and Christianity in a country of 255 million Christians and counting.\"  O\'Reilly thinks far-left publications like \"NY Times\":http://www.nytimes.com, Newsweek, and the \"Washington Post\":http://www.washingtonpost.com want Huckabee to win the Republican presidential nomination, so they can portray him as \"somebody who\'s going to run on the basis of what Jesus is going to tell him to do that morning.\" O\'Reilly thinks it\'s good strategy for the left-leaning media to \"keep the argument on Jesus and not on terrorism, taxes, redistribution of income, all of these things that the Democrats might have a little problem with.\" O\'Reilly gives Snow the last word, and Snow concludes by saying the left has a problem: \"They\'re going to be caught out of sync on issues like Iraq, like terrorism, like taxes...like values.\"','http://www.foxnews.com','http://www.foxnews.com/story/0,2933,316867,00.html','2007-12-15 23:33:47','2007-12-16 01:28:24',2,2),(18,'Iowa newspaper endorses John McCain','desmoinesregister_com_Iowa_newspaper_endorses_John_McCain','The editorial board of the Des Moines Register endorses Sen. John McCain of Arizona for the 2008 Republican nomination. The Register\'s board feels that \"McCain is most ready to lead America in a complex and dangerous world and to rebuild trust at home and abroad by inspiring confidence in his leadership.\" The article cites McCain\'s imprisonment during the Vietnam War 40 years ago as \"the defining chapter\" of his life: \"The one-time playboy emerged from prison a changed, more serious man.\" Time and time again, McCain has made political decisions \"based on principle, not party dogma, and frequently pursuing bipartisanship.\" They include: speaking out against crop and ethanol subsidies in Iowa; voting against party lines in opposition to the 2001 and 2003 tax cuts; supporting an unpopular troop surge in Iraq; supporting immigration reform; and sponsoring bills to fight global warming. The Register\'s board believes McCain\'s first-hand experience with war \"would make him reluctant to start one.\" Then the Register\'s board talks about what they deem are McCain\'s flaws: a hot temper that surfaces on occasion, and his age of 71 is a concern. Unlike the Register\'s board, McCain opposes abortion rights and gay marriage, and he wants to keep U.S. troops in Iraq. However, in conclusion, the Register\'s board feels that \"the force of John McCains moral authority could go a long way toward restoring Americans trust in government and inspiring new generations to believe in the goodness and greatness of America.\"','http://desmoinesregister.com','http://desmoinesregister.com/apps/pbcs.dll/article?AID=/20071215/NEWS/71215017','2007-12-16 01:27:04','2007-12-16 16:21:19',2,2),(19,'Iowa newspaper endorses Hillary Rodham Clinton','desmoinesregister_com_Iowa_newspaper_endorses_Hillary_Rodham_Clinton','The editorial board of the Des Moines Register endorses Sen. Hillary Rodham Clinton of New York for the 2008 Democratic nomination. In endorsing Clinton, the Register\'s board believes she is best prepared of the leading Democratic candidates \"to confront the enormous challenges the nation faces - from ending the Iraq war to shoring up Americas middle class to confronting global climate change.\" The article cites the following examples of Clinton\'s qualifications: she is committed to children and families, which began when she was a young lawyer fighting for children\'s rights, continuing into the Senate where she worked to strengthen the \"Children\'s Health Insurance Program\":http://www.cms.hhs.gov/home/schip.asp; in her eight years as first lady of the country, she acted as a diplomat who met with world leaders and advocated for human rights; and she understands defense from her time on the \"Senate Armed Services Committee\":http://armed-services.senate.gov. The article acknowledges the lingering perception that many Americans have of a 1990s Clinton as an agitator who \"fumbled health-care reform,\" and drove a wedge between the \"Clinton machine\" and the \"vast right-wing conspiracy.\" However, the Register\'s board feels her record in the Senate proves that she can work effectively across the aisle with Republicans. Although the Register\'s board questions whether Clinton can inspire the country, ultimately they feel she is more battle-tested than Barack Obama: \"Indeed, Obama, her chief rival, inspired our imaginations. But it was Clinton who inspired our confidence. Each time we met, she impressed us with her knowledge and her competence.\"','http://desmoinesregister.com','http://desmoinesregister.com/apps/pbcs.dll/article?AID=/20071215/NEWS/71215018','2007-12-16 02:59:51','2007-12-16 13:51:25',2,6),(20,'Italian couple loses appeal to name son Friday','www_reuters_com_Italian_couple_loses_appeal_to_name_son_Friday','An Italian couple has lost their appeal to legally name their son \"Friday.\" The appeals court ruled against the name because \"[Friday] recalled the servile savage in Daniel Defoe\'s novel Robinson Crusoe and because superstitious Italians consider Friday an unlucky day.\" Instead, the court has ordered the boy be named Gregory after the saint whose feast day he was born on. Mara Germano, the boy\'s mother, blasted the court for wasting its time \"with things like this when there is so much more to worry about.\"','http://www.reuters.com','http://www.reuters.com/article/oddlyEnoughNews/idUSN1846693020071218?sp=true','2007-12-18 09:09:08',NULL,2,3),(21,'Bush Lawyers Discussed Fate of CIA Tapes','www_nytimes_com_Bush_Lawyers_Discussed_Fate_of_CIA_Tapes','Four of Bush\'s top White House lawyers took part in discussions with the CIA between 2003 and 2005 about whether to destroy videotapes showing the secret interrogations of two operatives from Al Qaeda.\r\n\r\nThose who took part, in the discussions, included Alberto R. Gonzales, who served as White House counsel until early 2005; David S. Addington, who was the counsel to Vice President Dick Cheney and is now his chief of staff; John B. Bellinger III, who until January 2005 was the senior lawyer at the National Security Council; and Harriet E. Miers, who succeeded Mr. Gonzales as White House counsel.\r\n\r\nThe accounts indicate that the involvement of White House officials in the discussions before the destruction of the tapes in November 2005 was more extensive than Bush administration officials have acknowledged.\r\n\r\nTuesday a federal judge ordered a hearing into whether the tapes\' destruction violated an order to preserve evidence in a lawsuit brought on behalf of 16 prisoners at Guantnamo Bay, Cuba. The tapes documented harsh interrogation methods used in 2002 on Abu Zubaydah and Abd al-Rahim al-Nashiri, two Qaeda suspects in C.I.A. custody.\r\n\r\n','http://www.nytimes.com','http://www.nytimes.com/2007/12/19/washington/19cnd-cia.html?_r=1&hp=&pagewanted=print','2007-12-19 12:04:03',NULL,3,8),(22,'Teen dies while awaiting funds for transplant','abcnews_go_com_Teen_dies_while_awaiting_funds_for_transplant','17-year old Nataline Sarkisyan was suffering from leukemia, and the bone marrow she had received from her brother caused her liver to fail. According to the AP, doctors at UCLA determined she needed a liver transplant and sent a letter to \"CIGNA Healthcare\":http://www.cigna.com on Dec. 11th. Initially, CIGNA denied payment, but just yesterday (Dec. 20th) the company changed its mind after protesters rallied outside its Glendale, CA office. Natalie died that night at about 6 p.m. at  the \"UCLA Medical Center\":http://www.uclahealth.org','http://abcnews.go.com','http://abcnews.go.com/Health/wireStory?id=4037624','2007-12-21 11:56:30','2007-12-26 21:32:35',2,14),(23,'Benazir Bhutto Killed','www_time_com_Benazir_Bhutto_Killed','Pakistani opposition leader and former Prime Minister Benazir Bhutto was assassinated Thursday shortly after a campaign rally in the garrison city of \"Rawalpindi\":http://en.wikipedia.org/wiki/Rawalpindi. According to Rehman Malik, Bhutto\'s security adviser, \"she was shot in the neck and chest by the attacker, who then blew himself up.\" The AP reports that the suicide attack also killed 20 others. The article states that in recent weeks, suicide bombers have repeatedly targeted security forces in Rawalpindi. Earlier on Thursday, four people were killed in a separate rally for \"Nawaz Sharif\":http://en.wikipedia.org/wiki/Nawaz_Sharif when his supporters clashed with backers of President \"Pervez Musharraf\":http://en.wikipedia.org/wiki/Pervez_Musharraf near Rawalpindi. Malik claims that the government did not heed repeated requests \"to provide [Bhutto] proper security and appropriate equipment including jammers.\" Bhutto\'s party was expected to do well in next month\'s parliamentary elections. Benazir Bhutto was 54.','http://www.time.com','http://www.time.com/time/world/article/0,8599,1698466,00.html','2007-12-27 11:15:43','2007-12-27 12:22:56',2,10),(24,'The 15 Essential UNIX commands','www_petefreitag_com_The_15_Essential_UNIX_commands','# man - show manual for a command\r\n# cd - change directory\r\n# ls - list directory\r\n# cp - copy a file or directory\r\n# mv - move a file, example: mv source dest\r\n# rm - remove a file\r\n# cat - concatenate, or output a file cat /var/log/messages\r\n# more - outputs one page of a file and pauses\r\n# scp - secure copy, copies a file over SSH to another server. \r\n# tar - tape archiver, tar takes a bunch of files, and munges them into one .tar file\r\n# grep - pattern matcher, grep takes a regular expression, or to match a simple string \r\n# find - lists files and directories recursively on a single line\r\n# tail - prints the last few lines of a file\r\n# head - same as tail, but shows the first few lines the file\r\n# vi - text editor','http://www.petefreitag.com','http://www.petefreitag.com/item/426.cfm','2007-12-27 12:23:07',NULL,11,5),(25,'The History of the Strongtalk Project','strongtalk_org_The_History_of_the_Strongtalk_Project','There were really two different threads to the prehistory of the Strongtalk system, starting with two separate research efforts on each coast.\r\n\r\n*On the West Coast*, the Self group at Sun Microsystems Labs, headed by David Ungar and Randall Smith, spent years working on some really radical virtual machine technology, originally with the goal of getting their prototype-based object language, Self, to perform well.  The Self system was a real research tour-de-force, but Self has quite a few fundamental differences from Smalltalk, and the system was not designed for commercial or production use, since it was not very stable and used an enormous amount of memory. But it showed for the first time that pure, dynamically-typed languages like Self and Smalltalk in principle could be gotten much closer to the performance of C.\r\n\r\n*On the East Coast*,  I (Dave Griswold) was frustrated with the fact that there were still a lot of obstacles to using Smalltalk in most kinds of production applications.  The best inlining approach I could come up with without type-feedback was basically a form of a technique the Self group used, customization (copying methods down through inheritance, which means, in this case, that the class can be treated as constant, allowing self-sends to be inlined), but I computed that for the ParcPlace library the best that would do would be to inline about 25% of sends, statically.\r\n\r\n*The two technologies came together*, when I started talking to Urs Hlzle, who had finished the second-generation Self compiler (and his Stanford thesis), and was looking for something interesting to do. After reading his thesis on type-feedback, I realized that the type-feedback technology was actually not as conceptually difficult as most people had thought: people had read all the Self papers and been impressed but terrified of it. No one else seemed to pick up on the fact that the type-feedback technology was actually nicely suited for a good, production-quality compiler, although a lot of changes and adaptations were needed compared to the way it was used in Self.\r\n\r\nWork started on the system in the fall of 1994, and by 1996 the system was working nicely, but then the Java phenomenon happened and we eventually had to switch to Java before ever releasing it. The only public display of the technology was in late 1996, when we had a booth at OOPSLA and got quite a bit of attention. A few people got to evaluate it privately, and got terrific benchmark results (one well-known guy even got a speedup of 12 on some real Smalltalk code), but after that it disappeared from view, as we focused on Java\r\n\r\n\r\n\r\n\r\n','http://strongtalk.org','http://strongtalk.org/history.html','2007-12-27 12:31:50',NULL,11,4),(26,'Huckabee populist rhetoric ','www_time_com_Huckabee_populist_rhetoric','As Huckabee now mounts his closing argument for the Iowa caucuses, he has moved full bore into the rhetoric of economic populism. \"I am out to change the Republican Party. It needs changing. It needs to be inclusive of all those people across America for whom this party should stand,\" he said Sunday, on CBS\'s Face The Nation.\r\n\r\nBut the trick with Huckabee is that his populist rhetoric is only rarely matched with progressive proposals. He supports continuing President Bush\'s tax cuts for the wealthiest Americans in the short term, and advocates the so-called Fair Tax, which would replace the progressive income tax with a more regressive national sales tax. His major education reform would not be more federal spending on teachers or preschool, but more arts education, stricter teacher testing and a new federal push for home schooling or charter schools. When he speaks of health care, he talks not of new federal benefits, but of more focus on prevention for chronic disease like diabetes and tax breaks for health savings.','http://www.time.com','http://www.time.com/time/politics/article/0,8599,1698217,00.html','2007-12-27 12:44:34','2007-12-27 12:53:46',11,4),(27,'08 Election candidates react to Bhutto death','www_cbsnews_com_08_Election_candidates_react_to_Bhutto_death','CBS Evening News anchorman Russ Mitchell reports that Hillary Clinton (sans video) \"spoke of her personal relationship with Bhutto and her family during the eight years that Bhutto spent in exile.\" The following candidates all appeared on video to comment on  how they would react if they were president today. \r\n\r\nObama: \"We have to continue to press to deal with this ongoing chaotic situation with the militants in Pakistan. They pose a greater danger to world security over the long term than Iraq ever did.\"\r\n\r\nGiuliani: \"The first thing I would do is to re-double our efforts [in Pakistan], to sit down with the military leaders and see what kind of situation we\'re in, how can we deal with it, what can we do. Do we have to put more forces in [Pakistan]? Help them to get to the bottom of what happened so we have a real answer to this, an answer to what\'s going on.\"\r\n\r\nEdwards: \"Musharraf gets a great deal of money from the United States of America, and we can use that leverage to push him in the right direction. It\'s important if he wants to continue to receive that aid that he ensures that there are open fair elections.\"\r\n\r\nMcCain: \"I hope that we can see the commitment again of Musharraf for fair and free elections, and obviously one of the keys to this is law and order.\"','http://www.cbsnews.com','http://www.cbsnews.com/sections/i_video/main500251.shtml?id=3651565n','2007-12-27 21:41:58','2007-12-27 22:13:48',2,10),(28,'Childbirth outsourced to India','www_cnn_com_Childbirth_outsourced_to_India','India is the leader in making commercial surrogacy, aka \"wombs for rent\", a viable industry. Indian surrogate mothers can earn more money than many would make in 15 years. A small clinic at Kaival Hospital in \"Anand, India\":http://en.wikipedia.org/wiki/Anand,_Gujarat is unique in that \"the couple just provide the egg and sperm and the clinic does the rest, drawing from a waiting list of tested and ready surrogates.\" Nearly half the babies from the clinic have been born to foreign couples while the rest have gone to Indians. In exchange for the baby at birth, the couples promise to cover all medical expenses in addition to the surrogate\'s payment. After spending $200,000 trying to get pregnant via in-vitro fertilization, an Indian born furniture importer from Los Angeles, who found the clinic on the Internet, got her baby for $20,000 instead of the $80,000 that she would have spent on a surrogate in the United States. Commercial surrogacy, legal in India since 2002, is not regulated by the government. According to the article, health officials have issued nonbinding ethical guidelines and called for legislation to protect the surrogates and the children.','http://www.cnn.com','http://www.cnn.com/2007/WORLD/asiapcf/12/30/india.wombs.for.rent.ap/index.html','2008-01-01 20:24:49','2008-01-01 20:32:26',2,2),(29,'Ethnic violence following Kenyan elections','www_cnn_com_Ethnic_violence_following_Kenyan_elections','The AP reports that about 275 people have been killed since Kenya held their presidential election on Saturday, and Kenyan government officials claim that 75,000 are displaced inside the country. Much of the violence is being blamed on clashes between supporters of Kenyan President Mwai Kibaki of the majority Kuyuku tribe and backers of opposition leader Raila Odinga of the Luo tribe. The ethnic violence \"is reminiscent of the strife that led to the Rwanda genocide.\" The narrow re-election of Kibaki, who got 51.3 percent of the vote to 48.7 percent for Odinga, is being questioned by international observers who claim that \"the balloting fell short of international standards for democratic elections.\" Kenyan Foreign Minister Raphael Tuju told CNN that the government is committed to taking control: \"If the tear gas doesn\'t work then unfortunately they have to use live bullets. The president has been sworn in, the elections are over, the Kenyans have to accept the results, the opposition has to accept the results.\" Citing concerns of voting problems, the United States has withheld congratulations for Kibaki.','http://www.cnn.com','http://www.cnn.com/2008/WORLD/africa/01/01/kenya.elections/index.html','2008-01-01 22:03:01','2008-01-02 16:17:58',2,2),(30,'The Whoppers of 2007','www_factcheck_org_The_Whoppers_of_2007','Here\'s just a sampling of the \"notable political falsehoods and distortions\" from the 2008 U.S. presidential candidates, according to \"FactCheck.org\":http://www.factcheck.org. *Follow the article url to get the whole truth from FactCheck.org.*\r\n\r\n*Republican Rudy Giuliani*: (1) Adoptions went up 65 percent to 70 percent when he was mayor of New York City; (2) Men suffering from prostate cancer have only a 44 percent survival rate under England\'s system of \"socialized medicine;\" (3) He grew New York City\'s police force by 12,000 officers; (4) New York City experienced \"record crime ... until Rudy;\" (5) He \"cut or eliminated 23 taxes\" while mayor of New York City.\r\n\r\n*Democrat Bill Richardson*: (1) He created 80,000 jobs since becoming governor of New Mexico; (2) He \"made New Mexico 6th in job growth.\"\r\n\r\n*Republican Mitt Romney*: (1) McCain \"voted to allow illegals to collect Social Security;\" (2) Romney \"opposes amnesty\" for illegal immigrants while McCain does not; (3) Romney authorized the Massachusetts State Police to enforce immigration laws; (4) Romney \"got tough on drugs like meth\" in Massachusetts while Huckabee \"reduced penalties for manufacturing methamphetamine\" in Arkansas; (5) President Bill Clinton \"began to dismantle the military.\"\r\n\r\n*Democrat Hillary Clinton*: Members of the National Guard and military Reserve didnt have health insurance until she and a GOP colleague took action.\r\n\r\n*Republican Mike Huckabee*: (1) An Arkansas gasoline tax hike passed after 80 percent of state voters approved it; (2) He cut taxes \"almost 94 times.\"\r\n\r\n*Democrat John Edwards*: As president he\'d tell Congress to act within six months to make sure all Americans have health insurance or \"I\'m going to use my power as president to take your health care away from you.\"\r\n\r\n*Republican John McCain*: (1) The major tax cuts passed in 2001 and 2003 \"dramatically increased revenues\" and that tax cuts in general increase revenues; (2) If elected he\'d set up a massive government program to develop alternate energy sources and \"we will in five years become oil independent.\"\r\n\r\n*Democrat Joe Biden*: During a Democratic forum he claimed to have a labor record equal to or better than all the candidates present that evening.','http://www.factcheck.org','http://www.factcheck.org/elections-2008/the_whoppers_of_2007.html','2008-01-03 13:36:57','2008-01-03 16:00:08',2,2),(31,'Obama and Huckabee win in Iowa','www_msnbc_msn_com_Obama_and_Huckabee_win_in_Iowa','Barack Obama prevailed in a close race among Democrats in the \"Iowa caucuses\":http://news.yahoo.com/s/ap/20080102/ap_on_el_pr/iowa_caucuses_q_a while Mike Huckabee \"handily defeated\" Mitt Romney on the Republican side. Rep. Dennis Kucinich of Ohio and aides to New Mexico Gov. Bill Richardson threw their support to Obama as a \"second candidate of choice in the caucuses\":http://en.wikipedia.org/wiki/Iowa_caucus#Democratic_Party_process. Entrance polling indicated that \"more than half of all the Republicans said they were either born-again or evangelical Christians, and they liked Huckabee more than any of his rivals.\" The article noted that \"at a political party headquarters, Huckabee supporters stood Thursday evening in circles, holding hands and offering prayers in the middle of the ballroom.\" For Democratic caucus-goers, a candidate\'s ability to bring about needed change was more important than a candidate\'s experience.','http://www.msnbc.msn.com','http://www.msnbc.msn.com/id/22484066','2008-01-03 21:05:53','2008-01-03 21:45:50',2,7),(32,'EDWARDS POPULISM TAKES CENTER STAGE','www_thenation_com_EDWARDS_POPULISM_TAKES_CENTER_STAGE','Edwards may not make it out of January. He doesn\'t have Obama or Clinton\'s $100 million campaign war chests that seem needed to wage a national campaign. What he does have is a message of democratic populism: rewarding work, supporting sustained growth and full employment, providing universal health care, repairing ravaged pensions, calling for public investment and working for an end to poverty. Edwards\' campaign has put the central issue of our time center stage: Who controls our country--corporations or the people? He\'s the only candidate who says, fearlessly : \"I absolutely believe to my soul that this corporate greed and corporate power has an ironclad hold on our democracy.\" We haven\'t heard words like that in our campaigns in a while, at least not from anyone near top of the polls.','http://www.thenation.com','http://www.thenation.com/blogs/campaignmatters?pid=265664','2008-01-03 22:46:24',NULL,4,5),(33,'Myanmar junta hikes satellite TV fees','www_reuters_com_Myanmar_junta_hikes_satellite_TV_fees','\"In an apparent attempt to stop people watching dissident and international news broadcasts,\" Myanmar\'s military junta raised the license fee for satellite TV from 6,000 kyat to 1 million kyat ($780). The new annual levy represents three times the yearly income of an average citizen in Myanmar. \"Yangon\":http://en.wikipedia.org/wiki/Yangon residents viewed the fee hike as a continuation of the ruling junta\'s campaign against foreign and external media that \"played a major role in the dissent in August and September that mushroomed from a handful of sporadic demonstrations against shock fuel price rises into major protests against 45 years of military rule.\" A retired government official was quoted as saying, \"I just can\'t help thinking that they want to close the eyes and ears of the people.\"\r\n ','http://www.reuters.com','http://www.reuters.com/article/industryNews/idUSBKK1591520080103','2008-01-04 11:41:56',NULL,2,2),(34,'Report Emphasizes Importance of Teaching Evolution','www_guardian_co_uk_Report_Emphasizes_Importance_of_Teaching_Evolution','\"National Academy of Sciences\":http://www.nationalacademies.org/ and its Institute of Medicine,  a private organization chartered by Congress to advise the government of scientific matters, emphasize in a report to the government the importance of teaching evolution in public schools. The new document includes recently discovered evidence supporting evolution, including an important fossil find.\r\n\r\nThe report also states \"Despite the lack of scientific evidence for creationist positions, some advocates continue to demand that various forms of creationism be taught together with or in place of evolution in science classes\", which takes swipes at creationism and other anti-evolution theories.','http://www.guardian.co.uk','http://www.guardian.co.uk/uslatest/story/0,,-7196311,00.html','2008-01-04 12:16:13','2008-01-04 12:17:32',3,10),(35,'New poll says Obama ahead by double digits in NH','www_cnn_com_New_poll_says_Obama_ahead_by_double_digits_in_NH','A \"Jan. 5 and 6 CNN-WMUR poll\":http://www.wmur.com/download/2008/0107/14989603.pdf -- taken two days before the New Hampshire Democratic primary -- has Obama ahead of Clinton in the Granite State 39 percent to 29 percent. A previous poll had shown the two Democratic candidates tied following the Iowa caucuses. Edwards is still in third place in the poll, but support among New Hampshire voters have declined from 20 percent to 16 percent. The poll indicates a closer race among the GOP candidates: McCain in first place with 32 percent of the votes, followed by Romney with 26 percent. Iowa winner Huckabee takes over third place from Giuliani. About Huckabee\'s rise in New Hampshire, CNN Senior Political Analyst Bill Schneider said: \"The results suggest that Huckabee\'s win in Iowa, which saw him win strong support among evangelical Christian voters, is giving him momentum in more secular, libertarian-oriented New Hampshire.\"  ','http://www.cnn.com','http://www.cnn.com/2008/POLITICS/01/06/nh.poll/index.html','2008-01-06 21:01:29','2008-01-06 21:05:58',2,6),(36,'Paramount in HD-DVD blow','www_ft_com_Paramount_in_HD_DVD_blow','Last Summer, Viacom\'s Paramount and DreamWorks Animation joined General Electric\'s Universal Studios in supporting Toshiba\'s HD-DVD format. Last week, \"Warner Brothers announced it is choosing Sony\'s Blu-ray technology\":http://www2.warnerbros.com/web/corpcomm/press_release.jsp?id=BlurayDiscFormatRelease over HD-DVD. The article quotes unnamed sources with the knowledge of Paramount having \"a clause in its contract with the HD-DVD camp that would allow it to switch sides in the event of Warner backing Blu-ray.\" Warner joins Walt Disney, 20th Century Fox and Metro-Goldwyn-Mayer as backers of Blu-ray, giving the Sony format \"about 70 percent of Hollywood\'s output.\" Paramount is the distributor of DreamWorks Animation films, but it is unclear whether the latter has the same HD-DVD get-out clause as the former. The article mentions that \"Universal has declined to comment on its next- generation DVD plans following the Warner move.\"','http://www.ft.com','http://www.ft.com/cms/s/0/ea637496-bd8d-11dc-b7e6-0000779fd2ac.html?nclick_check=1','2008-01-08 14:04:57','2008-01-09 08:16:24',2,12),(37,'Clinton pulls out shocking win in NH','www_wmur_com_Clinton_pulls_out_shocking_win_in_NH','Hillary Clinton comes back from a third-place finish in the Iowa caucuses with \"a decisive victory over challenger Barack Obama in the New Hampshire Democratic primary.\" Exit polls indicate Clinton \"was winning handily among registered Democrats, while [Obama] led her by an even larger margin among independents.\" Clinton\'s win in the Granite State came as a surprise to her aides, who \"were considering whether to effectively concede the next two contests -- caucuses in Nevada on Jan. 19 and a South Carolina primary a week later -- and instead try to regroup in time for a 22-state round of contests on Feb. 5.\"\r\n\r\nOn the Republican side, \"McCain rode a wave of support from independent voters to defeat former Gov. Mitt Romney of Massachusetts.\" Despite spending millions of dollars of his own money in Iowa and New Hampshire, Romney finished second in both states.','http://www.wmur.com','http://www.wmur.com/politics/14999318/detail.html','2008-01-09 08:44:34',NULL,2,11),(38,'Sun Microsystems to buy MySQL','mysql_com_Sun_Microsystems_to_buy_MySQL','\"Sun Microsystems, Inc\":http://www.sun.com today announced it\'s buying \"MySQL AB\":http://www.mysql.com for $1 billion, an acquisition that \"accelerates Sun\'s position in enterprise IT to now include the $15 billion database market.\" MySQL\'s \"widely deployed\" open-source database is part of the \"LAMP\":http://en.wikipedia.org/wiki/LAMP_%28software_bundle%29 software platform, which is \"often viewed as the foundation of the Internet.\" MySQL will be integrated into Sun\'s Software, Sales, and Service organizations, extending \"the commercial appeal of MySQL\'s offerings and improve its value proposition.\"','http://mysql.com','http://mysql.com/news-and-events/sun-to-acquire-mysql.html','2008-01-16 11:20:40','2008-01-16 11:23:01',2,14),(39,'Stocks Plunge in Europe and Asia on US Recession','www_nytimes_com_Stocks_Plunge_in_Europe_and_Asia_on_US_Recession','The sell-off was evenly distributed from West to East, with indexes plunging in London, Paris, Frankfurt, Tokyo, Hong Kong, Seoul and Bombay. \r\n\r\nThe Frankfurt Stock Exchanges Dax index plummeted 7.2 percent.\r\n\r\nBombays Sensex\'s index saw 7.4 percent drop, which was the second-worst single-day tumble in its history.\r\n\r\nIn Japan most indexes were off by more than 3 percent.\r\n\r\nIn Australian the S.& P./ASX 200 index dropped 2.9 percent as investors scrambled to get out of companies perceived to have high exposure to debt.\r\n\r\nInvestors were scarcely comforted by President Bushs announcement on Friday of an economic stimulus package of as much as $145 billion. Mr. Bush\'s \"shot in the arm,\" economists said, did not persuade the rest of the world that the United States will escape a recession, or that it will either.','http://www.nytimes.com','http://www.nytimes.com/2008/01/21/business/22stox-web.html?_r=1&hp=&oref=slogin&pagewanted=print','2008-01-21 13:15:33',NULL,3,16),(40,'EU official regards IP addresses as personal data','www_businessweek_com_EU_official_regards_IP_addresses_as_personal_data','At a Monday European Parliament hearing on online data protection, the head of the \"EU\'s\":http://en.wikipedia.org/wiki/European_Union group of privacy data regulators said that IP addresses used to identify individuals are \"to be regarded as personal data.\" The EU group is \"preparing a report on how well the privacy policies of Internet search engines operated by Google Inc., Yahoo Inc., Microsoft Corp. and others comply with EU privacy law.\" Google\'s global privacy counsel contends that the IP addresses the company collects \"give customers a more accurate service because it knows what part of the world a search result comes from and what language they use -- and that was not enough to identify an individual user.\" Microsoft, on the other hand, employs a different strategy that \"relies on users logging into the Passport network that is linked to its popular Hotmail and Messenger services.\" Spain\'s data protection regulator would like to see search engines \"make their privacy policies accessible to normal people.\"','http://www.businessweek.com','http://www.businessweek.com/ap/financialnews/D8UAGH901.htm','2008-01-21 23:23:46',NULL,2,4),(41,'Caroline Kennedy endorses Barack Obama','www_nytimes_com_Caroline_Kennedy_endorses_Barack_Obama','In an op-ed piece titled \"A President Like My Father,\" Caroline Kennedy likens Barack Obama to John F. Kennedy: \"I have never had a president who inspired me the way people tell me that my father inspired them. But for the first time, I believe I have found the man who could be that president  not just for me, but for a new generation of Americans.\" Kennedy says her reasons for endorsing Obama are \"patriotic, political and personal, and the three are intertwined.\"','http://www.nytimes.com','http://www.nytimes.com/2008/01/27/opinion/27kennedy.html?em&ex=1201582800&en=68dbeb8e37c848ac&ei=5087%0A','2008-01-26 23:49:30','2008-01-27 00:00:02',2,5),(42,'Marine\'s cancer misdiagnosed','www_cbsnews_com_Marines_cancer_misdiagnosed','CBS News correspondent Byron Pitts tells the story of Marine Sgt. Carmelo Rodriguez, who claims that while he was in Iraq, military doctors misdiagnosed his skin cancer as a wart. Rodriguez enlisted in 1997, and a medical report of his physical mentioned that he has \"melanoma\":http://www.cancer.gov/cancertopics/types/melanoma, but he was never told and the doctor never made any recommendations for further treatment. The \"Feres Doctrine\":http://usmilitary.about.com/library/milinfo/blferes.htm bars the family from suing the federal government. \"Unlike every other U.S. citizen, people in the military cannot sue their federal government for medical malpractice,\" explains Pitts. Rodriguez dies as Pitts prepares to interview the ex-Marine. Rodriguez receives a military funeral paid for by his family, because he had retired from the military (due to his illness) so it was no longer obligated to pay for his funeral.','http://www.cbsnews.com','http://www.cbsnews.com/sections/i_video/main500251.shtml?id=3776975n','2008-02-01 11:56:37','2008-02-01 15:54:27',2,3),(43,'Microsoft Bids $44 Billion for Yahoo','www_nytimes_com_Microsoft_Bids_44_Billion_for_Yahoo','Mr. Ballmer, CEO of Microsoft, constantly consulted with Bill Gates, Microsoft\'s chairman. Then this week teams of bankers and lawyers holed up in two low-slung podlike buildings on Microsoft\'s campus plotted how much to bid. After Yahoo reported weaker-than-expected earnings on Tuesday and its stock fell, Microsoft, which had been considering a bid in the mid-$30 range, settled on $31 a share. \"A year has gone by, and the competitive situation has not improved,\" Mr. Ballmer wrote in Thursday\'s letter to the Yahoo board. Yahoo said Friday that its board would evaluate Microsoft\'s bid \"carefully and promptly in the context of Yahoo\'s strategic plans.\"\r\n\r\nThe combination of Yahoo and Microsoft would create a more powerful counterweight to Google. Yahoo\'s audience, already the largest on the Internet, would be bolstered by the tens of millions of users of Microsofts services, creating a much larger online display advertising business. In Internet search, the market share of the two companies would rise to 31 percent of the American market, according to comScore. That would still be far below Googles 58 percent share, but would help the companies attract more advertisers and higher prices for ads.\r\n\r\nMicrosoft executives said the merger would provide it with more engineering talent and technology infrastructure, and would result in annual savings of $1 billion. ','http://www.nytimes.com','http://www.nytimes.com/2008/02/02/technology/02yahoo.html?_r=1&oref=slogin&pagewanted=print','2008-02-01 23:27:27',NULL,18,3),(44,'Catch of a lifetime helps Giants win Super Bowl 42','sports_yahoo_com_Catch_of_a_lifetime_helps_Giants_win_Super_Bowl_42','New York Giants wide receiver David Tyree, who had more tackles than catches all season, made a \"\"tumbling, circus grab\":http://youtube.com/watch?v=e5BWzoyzVbc to set up a last-second score and a 17-14 stunner Sunday night over the mighty New England Patriots.\" Giants coach Tom Coughlin remarked that he doesn\'t know if there had ever been a bigger play in the Super Bowl, and Giants quarterback Eli Manning said Tyree \"made an unbelievable catch and saved the game.\"','http://sports.yahoo.com','http://sports.yahoo.com/nfl/news?slug=ap-superbowl-key&prov=ap&type=lgns','2008-02-03 23:04:19','2008-03-08 15:54:32',2,2),(45,'Five Lessons from Super Tuesday','news_yahoo_com_Five_Lessons_from_Super_Tuesday','# Hillary Clinton has strong support from people who actually vote: white and Latino women and older people.\r\n# Barack Obama made \"significant inroads among southern white men,\" but failing to capture the Latino vote.\r\n# John McCain won \"the most conservative state with no large Mormon population:\" Oklahoma.\r\n# Mitt Romney continues to lose conservatives to Huckabee.\r\n# Mike Huckabee\'s victories in southern states \"is enough to keep him in the race - for the moment.\" Huckabee needs to prove that he can win in other regions.\r\n','http://news.yahoo.com','http://news.yahoo.com/s/time/20080206/us_time/thefivelessonsfromsupertuesday','2008-02-06 10:08:44','2008-02-06 10:09:03',2,2),(46,'Towards an another anarchism!','www_zmag_org_Towards_an_another_anarchism','Anarchism is a social phenomenon and its contents as well as its manifestations in political activity change with time. One thing that is special about anarchism is that, unlike all major ideologies, it could never have had a stable and continuous existence on the ground through being in government or a part of a party system. Its history and contemporary characteristics are therefore determined by another factor - cycles of political struggle. As a result, anarchism has a \'generational\' tendency in the sense that you can identify pretty discreet phases of its history according to the period of struggle in which they were shaped. Naturally, as any other attempt at conceptualization, this one is also doomed to be simplified. I hope that, regardless of this, it will be useful for the understanding of this social phenomenon.\r\n\r\nA new model of modern anarchism, which can be discerned today within the new social movement, is the one that insists on widening the anti-authoritarian focus, as well as on deserting the class reductionism. Anarchism can become effective only if it contains three, encompassed, components: worker\'s organizations, activists, and researchers.\r\n\r\n# We are anarchists because we believe that human freedom and happiness would be best guaranteed by a society based on principles of self-organization, voluntary association, and mutual aid, and because we reject all forms of social relations based on systemic violence, such as the state or capitalism.\r\n# We are, however, profoundly anti-sectarian, by which we mean two things:\r\n## we do not attempt to enforce any particular form of anarchism on one other: Platformist, Syndicalist, Primitivist, Insurrectionist or any other. Neither do we wish to exclude anyone on this basis - we value diversity as a principle in itself, limited only by our common rejection of structures of domination such as racism, sexism, fundamentalism, etc.\r\n## since we see anarchism not as a doctrine so much as a process of movement towards a free, just, and sustainable, society, we believe anarchists should not limit themselves to cooperating with those who self-identify as anarchists, but should actively seek to cooperate with anyone who are working to create a world based on those same broad liberatory principles, and, in fact, to learn from them. One of the purposes of the International is to facilitate this: both to make it easier for us to bring some of those millions around the world who are, effectively, anarchists without knowing it, into touch with the thoughts of others who have worked in that same tradition, and, at the same time, to enrich the anarchist tradition itself through contact with their experiences\r\n# We reject all forms of vanguardism and believe that the proper role of the anarchist intellectual (a role that should be open to everyone) is to take part in an ongoing dialogue: to learn from the experience of popular community-building and struggle and offer back the fruits of reflection on that experience not in the spirit of the dictat, but of the gift\r\n# Anyone who accepts these principles is a member of the Anarchist International and everyone who is a member of the Anarchist International is empowered to act as a spokesperson if they so desire. Because we value diversity, we do not expect uniformity of views other than acceptance of the principles themselves (and, of course, acknowledgment that such diversity exists)\r\n# Organization is neither a value in itself nor an evil in itself; the level of organizational structure appropriate to any given project or task can never be dictated in advance but can only be determined by those actually engaged in it. So with any project initiated within the International: it should be up to those undertaking it to determine the form and level of organization appropriate for that project. At this point, there is no need for a decision-making structure for the International itself but if in the future members feel there should be, it shall be up to the group itself to determine how that process should work, provided only that it be within the broad spirit of decentralization and direct democracy.','http://www.zmag.org','http://www.zmag.org/grubanar.htm','2008-02-06 21:05:07','2008-02-06 21:06:00',3,7),(47,'Disappearing bees threaten U.S. food supply','money_cnn_com_Disappearing_bees_threaten_US_food_supply','Disappearing bee colonies in the United States, a phenomenon known as the bee \"colony collapse disorder\":http://en.wikipedia.org/wiki/Colony_Collapse_Disorder (CCD), could mean supply shortage for premium ice cream maker Haagen-Dazs and high prices for consumers. Haagen-Dazs claims that \"one-third of the U.S. food supply - including a variety of fruits, vegetables and even nuts - depends on pollination from bees.\" The company is donating $250,000 to both Pennsylvania State University and the University of California, Davis to fund research into CCD. ','http://money.cnn.com','http://money.cnn.com/2008/02/17/news/companies/bees_icecream/index.htm?postversion=2008021712','2008-02-17 14:31:59','2008-02-17 14:36:46',2,7),(48,'Ralph Nadar enters race for White House','www_msnbc_msn_com_Ralph_Nadar_enters_race_for_White_House','Citing a need to \"elaborate the issues\" the two major political parties are ignoring (such as \"single-payer health insurance\":http://www.pnhp.org/facts/singlepayer_faq.php, wasteful   Defense spending, repealing the \"Taft-Hartley Act\":http://en.wikipedia.org/wiki/Taft-Hartley_Act, and cracking down on corporate crime), \"Ralph Nadar announces his candidacy for president of the United States on _Meet the Press_ with Tim Russert.\":http://www.msnbc.msn.com/id/21134540/vp/23321310#23320281\r\n\r\n\"Here\":http://www.msnbc.msn.com/id/21134540/vp/23321310#23320410 Nadar responds to being blamed by Democrats for the 2000 presidential election results in Florida, where he garnered 97,488 votes and Al Gore lost to George Bush by 537 votes.\r\n\r\n\"Here\":http://www.msnbc.msn.com/id/21134540/vp/23321310#23320428 Nadar criticizes Obama\'s non-support of the \"Israeli peace movement\":http://zope.gush-shalom.org/home/en/about/aims/ and takes jabs at the \"pro-war\" McCain.\r\n  ','http://www.msnbc.msn.com','http://www.msnbc.msn.com/id/23319215/','2008-02-24 21:30:43','2008-02-24 21:37:20',2,17),(49,'Ron Paul sharing the political wealth','www_cqpolitics_com_Ron_Paul_sharing_the_political_wealth','Republican presidential candidate \"Ron Paul\'s\":http://en.wikipedia.org/wiki/Ron_Paul prolific Internet fundraising has not translated to victory in primaries or caucuses, \"but it has built a political base for Paul  and, perhaps more important, a donor list  that would be the envy of any incumbent or challenger.\" Paul wants to use his \"massive list of campaign donors\" to influence the direction of his party. According to  Paul\'s presidential spokesman, one likely use of the donor list is to help candidates for office who are running on a \"constitutionalist platform\":http://www.constitution.org/pol/us/consplat.htm. Next Tuesday, Congressman Paul is up for reelection in Texas. ','http://www.cqpolitics.com','http://www.cqpolitics.com/wmspage.cfm?parm1=5&docID=news-000002677795','2008-02-27 21:39:09','2008-02-28 08:14:47',2,8),(50,'Death Threat Against OAS Representative','hrw_org_Death_Threat_Against_OAS_Representative','The head of the OAS Mission to Support the Peace Process in Colombia reported today that a representative in its local office in Medellin had received a serious death threat. The Colombian government must act quickly to prevent further threats.','http://hrw.org','http://hrw.org/english/docs/2007/12/12/colomb17548_txt.htm','2008-02-28 23:42:59',NULL,12,8),(51,'China denies plan to scrap one-child policy','in_reuters_com_China_denies_plan_to_scrap_one_child_policy','According to Reuters India, a report from the Beijing News is disputing remarks from the vice minister of the National Population and Family Planning Commission which hinted of incremental changes to China\'s decades-old \"one-child policy\":http://geography.about.com/od/populationgeography/a/onechild.htm. The report also ran on the state-run Yangcheng Evening News.','http://in.reuters.com','http://in.reuters.com/article/worldNews/idINIndia-32252120080302','2008-03-02 21:44:04',NULL,2,6),(52,'Online bookstore customers can ban books from site','abcnews_go_com_Online_bookstore_customers_can_ban_books_from_site','A new online bookstore, \"Abunga.com\":http://abunga.com, has some  \"anti-censorship intellectuals\" up in arms by allowing its customers to ban certain books from their accounts, and \"if enough customers block a certain book, the company removes it from the site altogether.\"\r\n\r\nUniversity of Minnesota professor of biology, P.Z. Myers, who runs \"scienceblogs.com/pharyngula\":http://scienceblogs.com/pharyngula, accuses Abunga of \"cloaking itself in democracy, and instead of being open-minded, they are being narrow-minded.\" Another intellectual, John Mark Ockerbloom, editor of the Web site \"Banned Books Online\":http://onlinebooks.library.upenn.edu/banned-books.html at the University of Pennsylvania, isn\'t offended by Abunga\'s concept, saying \"voluntary\" censorship isn\'t the same thing as an outright ban.\r\n\r\nAbunga co-founder Steve Slack runs a warehouse of Christian books, but Abunga Chairman Lee Martin insists his company has no agenda. \r\n\r\nMarketing expert Tom Collinger has only praise for Abunga\'s strategy and sees it as effective commerce rather than censorship.\r\n\r\nWith 1000 active members in eastern Tennessee, Abunga is launching a plan to go national.','http://abcnews.go.com','http://abcnews.go.com/Business/story?id=4380414&page=1','2008-03-04 14:27:56','2008-03-04 14:29:09',2,7),(53,'Imprisoned Marion Jones remains a cautionary tale','sports_espn_go_com_Imprisoned_Marion_Jones_remains_a_cautionary_tale','Former Olympics gold medalist Marion Jones reported to prison on Friday for lying to federal officials about her use of performance-enhancing drugs (she is also serving time for lying about her involvement in an unrelated check fraud scheme). She is the first athlete to be imprisoned in connection with the \"BALCO\":http://en.wikipedia.org/wiki/BALCO case. \r\n\r\nUnlike Jones, Kelli White, who in the summer of 2003 had become the first American woman ever to win the 100- and 200-meter races at the world championships, told the truth from the very beginning when confronted by federal agents investigating the BALCO case. She stuck to her story when challenged by the \"USADA\":http://www.usantidoping.org in May 2004. White accepted a two-year ban from competition, annulling her world titles. In the spring of 2004, in meetings with USADA\'s then general counsel Travis Tygart, White was promised that other athletes who had cheated would be held accountable, but she always feared that Jones would get off scot-free. Three days after Jones pleaded guilty, White called to thank Tygart, who is now USADA\'s chief executive. \"Well, you know, the best thing is I will never have to check the box...on the employment application where they ask if you have ever been convicted of a felony,\" White told Tygart when he asked her what else she thought about the Jones case.\r\n\r\nRoger Clemens\'s response to allegations of steroid use has been similar to Jones in many ways. \"Clemens is now the target of a perjury investigation led by the FBI.\":http://news.yahoo.com/s/ap/20080228/ap_on_sp_ba_ne/clemens_steroids\r\n','http://sports.espn.go.com','http://sports.espn.go.com/oly/trackandfield/columns/story?columnist=fainaru_wada_mark&id=3280162','2008-03-08 14:45:48','2008-03-09 15:34:46',2,7),(54,'McCain draws mixed reviews among military leaders','www_salon_com_McCain_draws_mixed_reviews_among_military_leaders','McCain draws mixed reviews among military leaders, and they expressed serious doubts about whether McCain has the right temperament to be the next president and commander in chief. Some expressed more confidence in Obama, citing his temperament as an asset.\r\n\r\nHigh-level military officials in Washington who have had close encounters with John McCain\'s temper find it worrisome. Politicians sometimes scream for effect, but the concern is that McCain has, at times, come across as out of control. It is difficult to find current or former officers willing to describe those encounters in detail on the record. That\'s because, by and large, those officers admire McCain. But that doesn\'t mean they want his finger on the proverbial button, and they are supporting \"Clinton\":http://zenopsis.com/tags/Clinton/ or \"Obama\":http://zenopsis.com/tags/Obama/ instead.\r\n\r\nMcCain\'s supporters continue to assert that his experience far outweighs any alleged issues with temperament. But if past wartime presidents are a guide, experience of the kind McCain has isn\'t necessarily a prerequisite for performing well as commander in chief. Historians point out that presidents without any experience in the military have guided the country through some of its most dangerous conflicts.','http://www.salon.com','http://www.salon.com/news/feature/2008/03/06/commander_in_chief/print.html','2008-03-10 07:23:32',NULL,3,6),(55,'China sends troops to tackle Tibetan unrest','in_reuters_com_China_sends_troops_to_tackle_Tibetan_unrest','Protests against Chinese rule in \"Lhasa, Tibet\":http://en.wikipedia.org/wiki/Lhasa have killed a reported 80 people. On Sunday, the protests spread to ethnic Tibetan areas in the Chinese provinces of Sichuan and Gansu. Reuters reports eyewitness accounts from ethnic Tibetans of \"hundreds of People\'s Liberation Army vehicles\" moving in overnight to the Sichuan region of Aba. The \"Free Tibet Campaign\":http://www.freetibet.org/ reports the following: a crowd of 300-400 marched on government buildings in Gansu\'s Machu town, and 100 Tibetan students staged a sit-in Northwest Minority University in Gansu\'s capital, Lanzhou.\r\n\r\nThe \"Tibetan Centre for Human Rights and Democracy\":http://www.tchrd.org reports that security forces have already begun house-by-house raids in Lhasa, ahead of a government imposed Monday midnight deadline for protesters to surrender to the police. \"The Dalai Lama has called for an investigation into what he called cultural genocide\":http://in.reuters.com/article/topNews/idINIndia-32515420080316.','http://in.reuters.com','http://in.reuters.com/article/topNews/idINIndia-32523720080317?pageNumber=1&virtualBrandChannel=0&sp=true','2008-03-17 00:34:43',NULL,2,7),(56,' Feds fire 2 for looking at Obama file','news_yahoo_com_Feds_fire_2_for_looking_at_Obama_file','At the State Department, certain records of high-profile people are flagged with a computer tag when they are viewed without proper reason. One such record was Barack Obama\'s passport file, which was inappropriately accessed on three different occasions: Jan. 9, Feb. 21, and March 14. Senior State Department officials only learned of the breaches after the fact, when the parties involved where already fired or disciplined. Undersecretary Patrick Kennedy called that a failing, acknowledging that \"this information should have been passed up the line.\" The State Department inspector general\'s investigative power is limited because two of the employees no longer is working for the department.\r\n\r\nBill Burton, a spokesman for Obama\'s presidential campaign, calls the breaches \"a serious matter that merits a complete investigation.\" He goes on to say, \"We demand to know who looked at Senator Obama\'s passport file, for what purpose and why it took so long for them to reveal this security breach.\"','http://news.yahoo.com','http://news.yahoo.com/s/ap/20080321/ap_on_el_pr/obama_passport','2008-03-20 23:24:56',NULL,2,14),(57,'Charlton Heston Dead at 84','www_nytimes_com_Charlton_Heston_Dead_at_84','Charlton Heston, who won the 1959 best actor Oscar as the chariot-racing \"Ben-Hur\" and portrayed Moses, Michelangelo, El Cid and other heroic figures in movie epics of the 50s and 60s, has died.','http://www.nytimes.com','http://www.nytimes.com/aponline/movies/AP-Obit-Heston.html?_r=1&hp=&oref=slogin&pagewanted=print','2008-04-05 21:34:28',NULL,21,22),(58,'Man Gets 18 Yrs for Spreading HIV','www_time_com_Man_Gets_18_Yrs_for_Spreading_HIV','A Man convicted of aggravated sexual assault for exposing women to the virus that causes AIDS was sentenced Friday to 18 years in prison.\r\n\r\nCarl Leone, 32, pleaded guilty to 15 counts last April after failing to inform his sexual partners of his HIV status. Leone discovered he was HIV positive in 1997, seven years before he was arrested in June 2004.\r\n\r\nUnder provincial health laws, the sex partner of an infectious person must give informed consent to engage in high-risk sex. ','http://www.time.com','http://www.time.com/time/printout/0,8816,1728190,00.html','2008-04-05 21:41:36',NULL,23,20),(59,'Trolling for the Spoils of Office','www_nytimes_com_Trolling_for_the_Spoils_of_Office','After losing in the Democratic Maryland primary in February, Representative Albert Wynn announced he would retire in June to become partner in a Washington lobbying firm. Until then, Wynn remains a member of the Energy and Commerce Committee, promising recusal from any legislative conflicts in his final months on the committee. But the editorial points out that \"it would be far better if Representative Wynn showed the ethical fortitude to quit the committee outright, since it will be a magnet for Citizen Wynns lobbying.\"\r\n\r\nWynn\'s actions bring to mind one Representative Billy Tauzin, Republican of Louisiana, who secured a position as the pharmaceutical industrys chief lobbyist whilst drafting the Medicare drug benefit program. Tauzin\'s episode led Congress to enact \"rules and regulations\":http://www.usdoj.gov/jmd/ethics/ethics_handbook.htm regarding negotiations for a private career while still in office.\r\n','http://www.nytimes.com','http://www.nytimes.com/2008/04/06/opinion/06sun3.html?_r=1&ref=opinion&oref=slogin','2008-04-07 10:04:05','2008-04-07 10:05:03',2,6),(60,'Why can\'t Barack Obama put Hillary Clinton away?','news_yahoo_com_Why_cant_Barack_Obama_put_Hillary_Clinton_away','Five reasons why Clinton is still in the race for the Democratic presidential nomination:\r\n\r\n1) RACE - Results from all the primaries suggest that race-conscious Whites have been about twice as likely to support Clinton as Obama.\r\n\r\n2) WORKING-CLASS VOTERS - Clinton connects better with blue-collar voters than does Obama. If Obama wins the Democratic nomination, he risks losing those voters to Republican John McCain in the General Election.\r\n\r\n3) FRIENDS IN TROUBLE - As the campaign drags on, who else from Obama\'s past might come out to haunt him?\r\n\r\n4) INEXPERIENCE - Voters believe Clinton\'s experience as first lady just adds to her preparedness for the presidency. In contrast, Obama is only four years removed from the Illinois legislature.\r\n\r\n5) METTLE - Clinton\'s supporters relish in her battles against Republicans during her husband\'s presidency, while many democrats question Obama\'s toughness.','http://news.yahoo.com','http://news.yahoo.com/s/ap_campaignplus/20080423/ap_ca/on_deadline_pennsylvania','2008-04-23 16:21:35',NULL,2,10),(61,'Food 2.0: Secrets of the Chef Who Fed Google','www_newsweek_com_Food_20_Secrets_of_the_Chef_Who_Fed_Google','Charlie Ayers thought his bosses \"Google\":http://www.google.com founders \"Larry Page\":http://en.wikipedia.org/wiki/Larry_Page and \"Sergey Brin\":http://en.wikipedia.org/wiki/Sergey_Brin were crazy when they hired him as their 53rd employee in 1999, but the founders had a plan: provide their employees with a fast, healthy midday meal to power their minds throughout the afternoon and cut down on time spent in packed lunch lines at neighboring restaurants. Ayers, a chef who had gained a reputation in the San Francisco Bay area by catering for the Grateful Dead and other local bands, hopped on board and not only turned out delicious meal after delicious meal but turned the Google cafeteria into the hottest eatery in the valley.\r\n\r\nBy the time Ayers left Google in 2005, he was serving more than 4,000 lunches and dinners to Google employees on a daily basis. In addition to engineers and programmers, his meals were eaten by Mikhail Gorbachev, Al Gore, Bill Clinton, and Bono.\r\n\r\nNow Ayers is revealing the inner workings of his kitchen in his first cookbook: \"Food 2.0: Secrets of the Chef Who Fed Google.\"','http://www.newsweek.com','http://www.newsweek.com/id/133242/output/print','2008-04-24 09:26:47',NULL,25,24),(62,'Grep in Project command for TextMate','henrik_nyh_se_Grep_in_Project_command_for_TextMate','TextMate is an amazing editor, but its built-in \"Find in Project\" sucks. With larger projects, it\'s quite slow and will easily freeze the application for a good while.\r\n\r\ngrep is better, but switching to the command line gets annoying, and it lacks integration with TextMate  you can\'t jump straight to a matching document.\r\n\r\nWhat it lacks in project search, TextMate makes up for in extensibility, though, so I wrote a \"Grep in Project\" command that combines the speed of grep with a decent, well-integrated UI.','http://henrik.nyh.se','http://henrik.nyh.se/2007/06/grep-in-project-command-for-textmate','2008-04-24 13:04:27',NULL,26,4);
UNLOCK TABLES;
/*!40000 ALTER TABLE `synopsis_synopsis` ENABLE KEYS */;

--
-- Table structure for table `synopsis_synopsis_tags`
--

DROP TABLE IF EXISTS `synopsis_synopsis_tags`;
CREATE TABLE `synopsis_synopsis_tags` (
  `id` int(11) NOT NULL auto_increment,
  `synopsis_id` int(11) NOT NULL,
  `tag_id` int(11) NOT NULL,
  PRIMARY KEY  (`id`),
  UNIQUE KEY `synopsis_id` (`synopsis_id`,`tag_id`),
  KEY `tag_id_refs_id_5e3da013af0ece8b` (`tag_id`)
) ENGINE=MyISAM DEFAULT CHARSET=latin1;

--
-- Dumping data for table `synopsis_synopsis_tags`
--


/*!40000 ALTER TABLE `synopsis_synopsis_tags` DISABLE KEYS */;
LOCK TABLES `synopsis_synopsis_tags` WRITE;
INSERT INTO `synopsis_synopsis_tags` VALUES (1,1,1),(2,2,2),(3,2,3),(4,3,4),(5,3,5),(6,3,6),(7,3,7),(8,4,8),(9,4,9),(10,4,10),(11,5,11),(12,6,8),(13,6,12),(14,7,13),(15,7,14),(16,7,15),(17,8,16),(18,8,17),(19,9,18),(20,10,19),(21,10,20),(22,11,21),(23,11,22),(24,12,23),(25,12,24),(26,13,25),(27,13,26),(28,14,27),(29,14,28),(30,15,29),(31,15,30),(32,15,31),(33,16,32),(34,16,33),(35,17,34),(36,17,22),(37,17,35),(38,18,34),(39,18,36),(40,18,37),(41,19,34),(42,19,38),(43,19,36),(44,19,39),(45,20,35),(46,21,40),(47,21,41),(48,22,42),(49,23,43),(50,23,44),(51,23,45),(52,24,46),(53,24,47),(54,24,48),(55,25,49),(56,25,50),(57,26,22),(75,30,34),(59,26,34),(60,26,35),(61,27,34),(62,27,43),(63,27,44),(64,27,45),(65,27,38),(66,27,39),(67,27,52),(68,27,53),(69,27,37),(70,28,54),(71,28,55),(72,28,56),(73,29,57),(74,29,58),(76,30,52),(77,30,59),(78,30,60),(79,30,38),(80,30,22),(81,30,53),(82,30,37),(83,30,61),(84,30,62),(85,31,34),(86,31,36),(87,31,39),(88,31,22),(89,32,53),(90,32,34),(91,32,63),(92,33,64),(93,34,65),(94,35,34),(95,35,66),(96,35,39),(97,35,38),(98,35,53),(99,35,37),(100,35,60),(101,35,22),(102,35,52),(103,36,67),(104,36,68),(105,37,34),(106,37,66),(107,37,38),(108,37,39),(109,37,37),(110,37,60),(111,38,69),(112,38,70),(113,38,71),(114,39,72),(115,39,73),(116,40,74),(117,40,16),(118,40,75),(119,41,34),(120,41,39),(121,41,76),(122,42,77),(123,42,78),(124,43,75),(125,43,79),(126,44,80),(127,45,34),(128,45,38),(129,45,39),(130,45,37),(131,45,60),(132,45,22),(133,45,81),(134,46,82),(135,47,83),(136,48,34),(137,48,84),(138,48,39),(139,48,37),(140,49,85),(141,49,86),(142,49,34),(143,50,87),(144,50,88),(145,51,89),(146,51,90),(147,52,91),(148,52,35),(149,52,92),(150,53,93),(151,53,94),(152,53,95),(153,53,96),(154,53,97),(155,53,98),(156,44,98),(157,54,63),(158,54,34),(159,54,37),(160,55,89),(161,55,99),(162,55,100),(163,56,34),(164,56,39),(165,56,101),(166,57,102),(167,58,103),(168,59,104),(169,60,34),(170,60,38),(171,60,39),(172,61,16),(173,62,105);
UNLOCK TABLES;
/*!40000 ALTER TABLE `synopsis_synopsis_tags` ENABLE KEYS */;

--
-- Table structure for table `synopsis_tag`
--

DROP TABLE IF EXISTS `synopsis_tag`;
CREATE TABLE `synopsis_tag` (
  `id` int(11) NOT NULL auto_increment,
  `name` varchar(100) NOT NULL,
  `count` int(11) NOT NULL,
  PRIMARY KEY  (`id`)
) ENGINE=MyISAM DEFAULT CHARSET=latin1;

--
-- Dumping data for table `synopsis_tag`
--


/*!40000 ALTER TABLE `synopsis_tag` DISABLE KEYS */;
LOCK TABLES `synopsis_tag` WRITE;
INSERT INTO `synopsis_tag` VALUES (1,'stem_cell',1),(2,'IPhone',1),(3,'Apple',1),(4,'DMV',1),(5,'California',1),(6,'myspace',1),(7,'youtube',1),(8,'Iraq',2),(9,'AP',1),(10,'Hussein',1),(11,'python',1),(12,'peace',1),(13,'environment',1),(14,'DHS',1),(15,'guns',1),(16,'google',3),(17,'jotspot',1),(18,'science',1),(19,'McMansions',1),(20,'mortgage_crunch',1),(21,'AIDS',1),(22,'Huckabee',7),(23,'Mars',1),(24,'NASA',1),(25,'patriot_act',1),(26,'unconstitutional',1),(27,'mouse',1),(28,'fearless',1),(32,'business',1),(33,'classmates_ipo',1),(34,'08_election',16),(35,'religion',4),(36,'Iowa',3),(37,'McCain',8),(38,'Clinton',7),(39,'Obama',10),(40,'CIA',1),(41,'Interrogation',1),(42,'health_insurance',1),(43,'Bhutto_assassination',2),(44,'Musharraf',2),(45,'Pakistan',2),(46,'unix',1),(47,'linux',1),(48,'Commands',1),(49,'smalltalk',1),(50,'strongtalk',1),(59,'Richardson',1),(52,'Giuliani',3),(53,'Edwards',4),(54,'commercial_surrogacy',1),(55,'outsourcing',1),(56,'India',1),(57,'Kenyan_elections',1),(58,'ethnic_violence',1),(60,'Romney',4),(61,'Biden',1),(62,'politics',1),(63,'',2),(64,'Myanmar',1),(65,'evolution',1),(66,'New_Hampshire',2),(67,'Blu-ray',1),(68,'HD-DVD',1),(69,'Sun_Microsystems',1),(70,'MySQL',1),(71,'open_source',1),(72,'stock_market',1),(73,'recession',1),(74,'EU',1),(75,'Microsoft',2),(76,'Kennedy',1),(77,'Feres_Doctrine',1),(78,'Military',1),(79,'Yahoo',1),(80,'Super_Bowl',1),(81,'Super_Tuesday',1),(82,'anarchism',1),(83,'Colony_Collapse_Disorder',1),(84,'Nadar',1),(85,'Ron_Paul',1),(86,'Constitutionalist',1),(87,'OAS',1),(88,'Colombia',1),(89,'China',2),(90,'one_child_policy',1),(91,'censorship',1),(92,'commerce',1),(93,'Marion_Jones',1),(94,'BALCO',1),(95,'Kelli_White',1),(96,'USADA',1),(97,'Roger_Clemens',1),(98,'sports',1),(99,'Tibet',1),(100,'Dalai_Lama',1),(101,'State_Department',1),(102,'Charlton_Heston',1),(103,'HIV',1),(104,'Lobbying',1),(105,'TextMate',1);
UNLOCK TABLES;
/*!40000 ALTER TABLE `synopsis_tag` ENABLE KEYS */;
/*!40103 SET TIME_ZONE=@OLD_TIME_ZONE */;

/*!40101 SET SQL_MODE=@OLD_SQL_MODE */;
/*!40014 SET FOREIGN_KEY_CHECKS=@OLD_FOREIGN_KEY_CHECKS */;
/*!40014 SET UNIQUE_CHECKS=@OLD_UNIQUE_CHECKS */;
/*!40101 SET CHARACTER_SET_CLIENT=@OLD_CHARACTER_SET_CLIENT */;
/*!40101 SET CHARACTER_SET_RESULTS=@OLD_CHARACTER_SET_RESULTS */;
/*!40101 SET COLLATION_CONNECTION=@OLD_COLLATION_CONNECTION */;
/*!40111 SET SQL_NOTES=@OLD_SQL_NOTES */;

